FIPS,State,County,Percent of Population on SNAP
01001,AL,Autauga,18.87680751
01003,AL,Baldwin,18.87680751
01005,AL,Barbour,18.87680751
01007,AL,Bibb,18.87680751
01009,AL,Blount,18.87680751
01011,AL,Bullock,18.87680751
01013,AL,Butler,18.87680751
01015,AL,Calhoun,18.87680751
01017,AL,Chambers,18.87680751
01019,AL,Cherokee,18.87680751
01021,AL,Chilton,18.87680751
01023,AL,Choctaw,18.87680751
01025,AL,Clarke,18.87680751
01027,AL,Clay,18.87680751
01029,AL,Cleburne,18.87680751
01031,AL,Coffee,18.87680751
01033,AL,Colbert,18.87680751
01035,AL,Conecuh,18.87680751
01037,AL,Coosa,18.87680751
01039,AL,Covington,18.87680751
01041,AL,Crenshaw,18.87680751
01043,AL,Cullman,18.87680751
01045,AL,Dale,18.87680751
01047,AL,Dallas,18.87680751
01049,AL,DeKalb,18.87680751
01051,AL,Elmore,18.87680751
01053,AL,Escambia,18.87680751
01055,AL,Etowah,18.87680751
01057,AL,Fayette,18.87680751
01059,AL,Franklin,18.87680751
01061,AL,Geneva,18.87680751
01063,AL,Greene,18.87680751
01065,AL,Hale,18.87680751
01067,AL,Henry,18.87680751
01069,AL,Houston,18.87680751
01071,AL,Jackson,18.87680751
01073,AL,Jefferson,18.87680751
01075,AL,Lamar,18.87680751
01077,AL,Lauderdale,18.87680751
01079,AL,Lawrence,18.87680751
01081,AL,Lee,18.87680751
01083,AL,Limestone,18.87680751
01085,AL,Lowndes,18.87680751
01087,AL,Macon,18.87680751
01089,AL,Madison,18.87680751
01091,AL,Marengo,18.87680751
01093,AL,Marion,18.87680751
01095,AL,Marshall,18.87680751
01097,AL,Mobile,18.87680751
01099,AL,Monroe,18.87680751
01101,AL,Montgomery,18.87680751
01103,AL,Morgan,18.87680751
01105,AL,Perry,18.87680751
01107,AL,Pickens,18.87680751
01109,AL,Pike,18.87680751
01111,AL,Randolph,18.87680751
01113,AL,Russell,18.87680751
01115,AL,St. Clair,18.87680751
01117,AL,Shelby,18.87680751
01119,AL,Sumter,18.87680751
01121,AL,Talladega,18.87680751
01123,AL,Tallapoosa,18.87680751
01125,AL,Tuscaloosa,18.87680751
01127,AL,Walker,18.87680751
01129,AL,Washington,18.87680751
01131,AL,Wilcox,18.87680751
01133,AL,Winston,18.87680751
02010,AK,Aleutian Islands,
02013,AK,Aleutians East,12.48179982
02016,AK,Aleutians West,12.48179982
02020,AK,Anchorage,12.48179982
02050,AK,Bethel,12.48179982
02060,AK,Bristol Bay,12.48179982
02068,AK,Denali,12.48179982
02070,AK,Dillingham,12.48179982
02090,AK,Fairbanks North Star,12.48179982
02100,AK,Haines,12.48179982
02105,AK,Hoonah-Angoon,12.48179982
02110,AK,Juneau,12.48179982
02122,AK,Kenai Peninsula,12.48179982
02130,AK,Ketchikan Gateway,12.48179982
02150,AK,Kodiak Island,12.48179982
02164,AK,Lake and Peninsula,12.48179982
02170,AK,Matanuska-Susitna,12.48179982
02180,AK,Nome,12.48179982
02185,AK,North Slope,12.48179982
02188,AK,Northwest Arctic,12.48179982
02195,AK,Petersburg,12.48179982
02198,AK,Prince of Wales-Hyder,12.48179982
02201,AK,Prince of Wales-Outer Ketchi,
02220,AK,Sitka,12.48179982
02230,AK,Skagway,12.48179982
02231,AK,Skagway-Yakutat-Angoon,
02232,AK,Skagway-Hoonah-Angoon,
02240,AK,Southeast Fairbanks,12.48179982
02261,AK,Valdez-Cordova,12.48179982
02270,AK,Wade Hampton,12.48179982
02275,AK,Wrangell,12.48179982
02280,AK,Wrangell-Petersburg,
02282,AK,Yakutat,12.48179982
02290,AK,Yukon-Koyukuk,12.48179982
04001,AZ,Apache,17.15138508
04003,AZ,Cochise,17.15138508
04005,AZ,Coconino,17.15138508
04007,AZ,Gila,17.15138508
04009,AZ,Graham,17.15138508
04011,AZ,Greenlee,17.15138508
04012,AZ,La Paz,17.15138508
04013,AZ,Maricopa,17.15138508
04015,AZ,Mohave,17.15138508
04017,AZ,Navajo,17.15138508
04019,AZ,Pima,17.15138508
04021,AZ,Pinal,17.15138508
04023,AZ,Santa Cruz,17.15138508
04025,AZ,Yavapai,17.15138508
04027,AZ,Yuma,17.15138508
05001,AR,Arkansas,17.02620196
05003,AR,Ashley,17.02620196
05005,AR,Baxter,17.02620196
05007,AR,Benton,17.02620196
05009,AR,Boone,17.02620196
05011,AR,Bradley,17.02620196
05013,AR,Calhoun,17.02620196
05015,AR,Carroll,17.02620196
05017,AR,Chicot,17.02620196
05019,AR,Clark,17.02620196
05021,AR,Clay,17.02620196
05023,AR,Cleburne,17.02620196
05025,AR,Cleveland,17.02620196
05027,AR,Columbia,17.02620196
05029,AR,Conway,17.02620196
05031,AR,Craighead,17.02620196
05033,AR,Crawford,17.02620196
05035,AR,Crittenden,17.02620196
05037,AR,Cross,17.02620196
05039,AR,Dallas,17.02620196
05041,AR,Desha,17.02620196
05043,AR,Drew,17.02620196
05045,AR,Faulkner,17.02620196
05047,AR,Franklin,17.02620196
05049,AR,Fulton,17.02620196
05051,AR,Garland,17.02620196
05053,AR,Grant,17.02620196
05055,AR,Greene,17.02620196
05057,AR,Hempstead,17.02620196
05059,AR,Hot Spring,17.02620196
05061,AR,Howard,17.02620196
05063,AR,Independence,17.02620196
05065,AR,Izard,17.02620196
05067,AR,Jackson,17.02620196
05069,AR,Jefferson,17.02620196
05071,AR,Johnson,17.02620196
05073,AR,Lafayette,17.02620196
05075,AR,Lawrence,17.02620196
05077,AR,Lee,17.02620196
05079,AR,Lincoln,17.02620196
05081,AR,Little River,17.02620196
05083,AR,Logan,17.02620196
05085,AR,Lonoke,17.02620196
05087,AR,Madison,17.02620196
05089,AR,Marion,17.02620196
05091,AR,Miller,17.02620196
05093,AR,Mississippi,17.02620196
05095,AR,Monroe,17.02620196
05097,AR,Montgomery,17.02620196
05099,AR,Nevada,17.02620196
05101,AR,Newton,17.02620196
05103,AR,Ouachita,17.02620196
05105,AR,Perry,17.02620196
05107,AR,Phillips,17.02620196
05109,AR,Pike,17.02620196
05111,AR,Poinsett,17.02620196
05113,AR,Polk,17.02620196
05115,AR,Pope,17.02620196
05117,AR,Prairie,17.02620196
05119,AR,Pulaski,17.02620196
05121,AR,Randolph,17.02620196
05123,AR,St. Francis,17.02620196
05125,AR,Saline,17.02620196
05127,AR,Scott,17.02620196
05129,AR,Searcy,17.02620196
05131,AR,Sebastian,17.02620196
05133,AR,Sevier,17.02620196
05135,AR,Sharp,17.02620196
05137,AR,Stone,17.02620196
05139,AR,Union,17.02620196
05141,AR,Van Buren,17.02620196
05143,AR,Washington,17.02620196
05145,AR,White,17.02620196
05147,AR,Woodruff,17.02620196
05149,AR,Yell,17.02620196
06001,CA,Alameda,10.42079911
06003,CA,Alpine,10.42079911
06005,CA,Amador,10.42079911
06007,CA,Butte,10.42079911
06009,CA,Calaveras,10.42079911
06011,CA,Colusa,10.42079911
06013,CA,Contra Costa,10.42079911
06015,CA,Del Norte,10.42079911
06017,CA,El Dorado,10.42079911
06019,CA,Fresno,10.42079911
06021,CA,Glenn,10.42079911
06023,CA,Humboldt,10.42079911
06025,CA,Imperial,10.42079911
06027,CA,Inyo,10.42079911
06029,CA,Kern,10.42079911
06031,CA,Kings,10.42079911
06033,CA,Lake,10.42079911
06035,CA,Lassen,10.42079911
06037,CA,Los Angeles,10.42079911
06039,CA,Madera,10.42079911
06041,CA,Marin,10.42079911
06043,CA,Mariposa,10.42079911
06045,CA,Mendocino,10.42079911
06047,CA,Merced,10.42079911
06049,CA,Modoc,10.42079911
06051,CA,Mono,10.42079911
06053,CA,Monterey,10.42079911
06055,CA,Napa,10.42079911
06057,CA,Nevada,10.42079911
06059,CA,Orange,10.42079911
06061,CA,Placer,10.42079911
06063,CA,Plumas,10.42079911
06065,CA,Riverside,10.42079911
06067,CA,Sacramento,10.42079911
06069,CA,San Benito,10.42079911
06071,CA,San Bernardino,10.42079911
06073,CA,San Diego,10.42079911
06075,CA,San Francisco,10.42079911
06077,CA,San Joaquin,10.42079911
06079,CA,San Luis Obispo,10.42079911
06081,CA,San Mateo,10.42079911
06083,CA,Santa Barbara,10.42079911
06085,CA,Santa Clara,10.42079911
06087,CA,Santa Cruz,10.42079911
06089,CA,Shasta,10.42079911
06091,CA,Sierra,10.42079911
06093,CA,Siskiyou,10.42079911
06095,CA,Solano,10.42079911
06097,CA,Sonoma,10.42079911
06099,CA,Stanislaus,10.42079911
06101,CA,Sutter,10.42079911
06103,CA,Tehama,10.42079911
06105,CA,Trinity,10.42079911
06107,CA,Tulare,10.42079911
06109,CA,Tuolumne,10.42079911
06111,CA,Ventura,10.42079911
06113,CA,Yolo,10.42079911
06115,CA,Yuba,10.42079911
08001,CO,Adams,9.477055013
08003,CO,Alamosa,9.477055013
08005,CO,Arapahoe,9.477055013
08007,CO,Archuleta,9.477055013
08009,CO,Baca,9.477055013
08011,CO,Bent,9.477055013
08013,CO,Boulder,9.477055013
08014,CO,Broomfield,9.477055013
08014,CO,Broomfield,9.477055013
08015,CO,Chaffee,9.477055013
08017,CO,Cheyenne,9.477055013
08019,CO,Clear Creek,9.477055013
08021,CO,Conejos,9.477055013
08023,CO,Costilla,9.477055013
08025,CO,Crowley,9.477055013
08027,CO,Custer,9.477055013
08029,CO,Delta,9.477055013
08031,CO,Denver,9.477055013
08033,CO,Dolores,9.477055013
08035,CO,Douglas,9.477055013
08037,CO,Eagle,9.477055013
08039,CO,Elbert,9.477055013
08041,CO,El Paso,9.477055013
08043,CO,Fremont,9.477055013
08045,CO,Garfield,9.477055013
08047,CO,Gilpin,9.477055013
08049,CO,Grand,9.477055013
08051,CO,Gunnison,9.477055013
08053,CO,Hinsdale,9.477055013
08055,CO,Huerfano,9.477055013
08057,CO,Jackson,9.477055013
08059,CO,Jefferson,9.477055013
08061,CO,Kiowa,9.477055013
08063,CO,Kit Carson,9.477055013
08065,CO,Lake,9.477055013
08067,CO,La Plata,9.477055013
08069,CO,Larimer,9.477055013
08071,CO,Las Animas,9.477055013
08073,CO,Lincoln,9.477055013
08075,CO,Logan,9.477055013
08077,CO,Mesa,9.477055013
08079,CO,Mineral,9.477055013
08081,CO,Moffat,9.477055013
08083,CO,Montezuma,9.477055013
08085,CO,Montrose,9.477055013
08087,CO,Morgan,9.477055013
08089,CO,Otero,9.477055013
08091,CO,Ouray,9.477055013
08093,CO,Park,9.477055013
08095,CO,Phillips,9.477055013
08097,CO,Pitkin,9.477055013
08099,CO,Prowers,9.477055013
08101,CO,Pueblo,9.477055013
08103,CO,Rio Blanco,9.477055013
08105,CO,Rio Grande,9.477055013
08107,CO,Routt,9.477055013
08109,CO,Saguache,9.477055013
08111,CO,San Juan,9.477055013
08113,CO,San Miguel,9.477055013
08115,CO,Sedgwick,9.477055013
08117,CO,Summit,9.477055013
08119,CO,Teller,9.477055013
08121,CO,Washington,9.477055013
08123,CO,Weld,9.477055013
08125,CO,Yuma,9.477055013
09001,CT,Fairfield,11.23752105
09003,CT,Hartford,11.23752105
09005,CT,Litchfield,11.23752105
09007,CT,Middlesex,11.23752105
09009,CT,New Haven,11.23752105
09011,CT,New London,11.23752105
09013,CT,Tolland,11.23752105
09015,CT,Windham,11.23752105
10001,DE,Kent,16.16598989
10003,DE,New Castle,16.16598989
10005,DE,Sussex,16.16598989
11001,DC,District of Columbia,22.32197785
12001,FL,Alachua,17.3575887
12003,FL,Baker,17.3575887
12005,FL,Bay,17.3575887
12007,FL,Bradford,17.3575887
12009,FL,Brevard,17.3575887
12011,FL,Broward,17.3575887
12013,FL,Calhoun,17.3575887
12015,FL,Charlotte,17.3575887
12017,FL,Citrus,17.3575887
12019,FL,Clay,17.3575887
12021,FL,Collier,17.3575887
12023,FL,Columbia,17.3575887
12025,FL,Dade,
12027,FL,DeSoto,17.3575887
12029,FL,Dixie,17.3575887
12031,FL,Duval,17.3575887
12033,FL,Escambia,17.3575887
12035,FL,Flagler,17.3575887
12037,FL,Franklin,17.3575887
12039,FL,Gadsden,17.3575887
12041,FL,Gilchrist,17.3575887
12043,FL,Glades,17.3575887
12045,FL,Gulf,17.3575887
12047,FL,Hamilton,17.3575887
12049,FL,Hardee,17.3575887
12051,FL,Hendry,17.3575887
12053,FL,Hernando,17.3575887
12055,FL,Highlands,17.3575887
12057,FL,Hillsborough,17.3575887
12059,FL,Holmes,17.3575887
12061,FL,Indian River,17.3575887
12063,FL,Jackson,17.3575887
12065,FL,Jefferson,17.3575887
12067,FL,Lafayette,17.3575887
12069,FL,Lake,17.3575887
12071,FL,Lee,17.3575887
12073,FL,Leon,17.3575887
12075,FL,Levy,17.3575887
12077,FL,Liberty,17.3575887
12079,FL,Madison,17.3575887
12081,FL,Manatee,17.3575887
12083,FL,Marion,17.3575887
12085,FL,Martin,17.3575887
12086,FL,Miami-Dade,17.3575887
12087,FL,Monroe,17.3575887
12089,FL,Nassau,17.3575887
12091,FL,Okaloosa,17.3575887
12093,FL,Okeechobee,17.3575887
12095,FL,Orange,17.3575887
12097,FL,Osceola,17.3575887
12099,FL,Palm Beach,17.3575887
12101,FL,Pasco,17.3575887
12103,FL,Pinellas,17.3575887
12105,FL,Polk,17.3575887
12107,FL,Putnam,17.3575887
12109,FL,St. Johns,17.3575887
12111,FL,St. Lucie,17.3575887
12113,FL,Santa Rosa,17.3575887
12115,FL,Sarasota,17.3575887
12117,FL,Seminole,17.3575887
12119,FL,Sumter,17.3575887
12121,FL,Suwannee,17.3575887
12123,FL,Taylor,17.3575887
12125,FL,Union,17.3575887
12127,FL,Volusia,17.3575887
12129,FL,Wakulla,17.3575887
12131,FL,Walton,17.3575887
12133,FL,Washington,17.3575887
13001,GA,Appling,19.28275812
13003,GA,Atkinson,19.28275812
13005,GA,Bacon,19.28275812
13007,GA,Baker,19.28275812
13009,GA,Baldwin,19.28275812
13011,GA,Banks,19.28275812
13013,GA,Barrow,19.28275812
13015,GA,Bartow,19.28275812
13017,GA,Ben Hill,19.28275812
13019,GA,Berrien,19.28275812
13021,GA,Bibb,19.28275812
13023,GA,Bleckley,19.28275812
13025,GA,Brantley,19.28275812
13027,GA,Brooks,19.28275812
13029,GA,Bryan,19.28275812
13031,GA,Bulloch,19.28275812
13033,GA,Burke,19.28275812
13035,GA,Butts,19.28275812
13037,GA,Calhoun,19.28275812
13039,GA,Camden,19.28275812
13043,GA,Candler,19.28275812
13045,GA,Carroll,19.28275812
13047,GA,Catoosa,19.28275812
13049,GA,Charlton,19.28275812
13051,GA,Chatham,19.28275812
13053,GA,Chattahoochee,19.28275812
13055,GA,Chattooga,19.28275812
13057,GA,Cherokee,19.28275812
13059,GA,Clarke,19.28275812
13061,GA,Clay,19.28275812
13063,GA,Clayton,19.28275812
13065,GA,Clinch,19.28275812
13067,GA,Cobb,19.28275812
13069,GA,Coffee,19.28275812
13071,GA,Colquitt,19.28275812
13073,GA,Columbia,19.28275812
13075,GA,Cook,19.28275812
13077,GA,Coweta,19.28275812
13079,GA,Crawford,19.28275812
13081,GA,Crisp,19.28275812
13083,GA,Dade,19.28275812
13085,GA,Dawson,19.28275812
13087,GA,Decatur,19.28275812
13089,GA,DeKalb,19.28275812
13091,GA,Dodge,19.28275812
13093,GA,Dooly,19.28275812
13095,GA,Dougherty,19.28275812
13097,GA,Douglas,19.28275812
13099,GA,Early,19.28275812
13101,GA,Echols,19.28275812
13103,GA,Effingham,19.28275812
13105,GA,Elbert,19.28275812
13107,GA,Emanuel,19.28275812
13109,GA,Evans,19.28275812
13111,GA,Fannin,19.28275812
13113,GA,Fayette,19.28275812
13115,GA,Floyd,19.28275812
13117,GA,Forsyth,19.28275812
13119,GA,Franklin,19.28275812
13121,GA,Fulton,19.28275812
13123,GA,Gilmer,19.28275812
13125,GA,Glascock,19.28275812
13127,GA,Glynn,19.28275812
13129,GA,Gordon,19.28275812
13131,GA,Grady,19.28275812
13133,GA,Greene,19.28275812
13135,GA,Gwinnett,19.28275812
13137,GA,Habersham,19.28275812
13139,GA,Hall,19.28275812
13141,GA,Hancock,19.28275812
13143,GA,Haralson,19.28275812
13145,GA,Harris,19.28275812
13147,GA,Hart,19.28275812
13149,GA,Heard,19.28275812
13151,GA,Henry,19.28275812
13153,GA,Houston,19.28275812
13155,GA,Irwin,19.28275812
13157,GA,Jackson,19.28275812
13159,GA,Jasper,19.28275812
13161,GA,Jeff Davis,19.28275812
13163,GA,Jefferson,19.28275812
13165,GA,Jenkins,19.28275812
13167,GA,Johnson,19.28275812
13169,GA,Jones,19.28275812
13171,GA,Lamar,19.28275812
13173,GA,Lanier,19.28275812
13175,GA,Laurens,19.28275812
13177,GA,Lee,19.28275812
13179,GA,Liberty,19.28275812
13181,GA,Lincoln,19.28275812
13183,GA,Long,19.28275812
13185,GA,Lowndes,19.28275812
13187,GA,Lumpkin,19.28275812
13189,GA,McDuffie,19.28275812
13191,GA,McIntosh,19.28275812
13193,GA,Macon,19.28275812
13195,GA,Madison,19.28275812
13197,GA,Marion,19.28275812
13199,GA,Meriwether,19.28275812
13201,GA,Miller,19.28275812
13205,GA,Mitchell,19.28275812
13207,GA,Monroe,19.28275812
13209,GA,Montgomery,19.28275812
13211,GA,Morgan,19.28275812
13213,GA,Murray,19.28275812
13215,GA,Muscogee,19.28275812
13217,GA,Newton,19.28275812
13219,GA,Oconee,19.28275812
13221,GA,Oglethorpe,19.28275812
13223,GA,Paulding,19.28275812
13225,GA,Peach,19.28275812
13227,GA,Pickens,19.28275812
13229,GA,Pierce,19.28275812
13231,GA,Pike,19.28275812
13233,GA,Polk,19.28275812
13235,GA,Pulaski,19.28275812
13237,GA,Putnam,19.28275812
13239,GA,Quitman,19.28275812
13241,GA,Rabun,19.28275812
13243,GA,Randolph,19.28275812
13245,GA,Richmond,19.28275812
13247,GA,Rockdale,19.28275812
13249,GA,Schley,19.28275812
13251,GA,Screven,19.28275812
13253,GA,Seminole,19.28275812
13255,GA,Spalding,19.28275812
13257,GA,Stephens,19.28275812
13259,GA,Stewart,19.28275812
13261,GA,Sumter,19.28275812
13263,GA,Talbot,19.28275812
13265,GA,Taliaferro,19.28275812
13267,GA,Tattnall,19.28275812
13269,GA,Taylor,19.28275812
13271,GA,Telfair,19.28275812
13273,GA,Terrell,19.28275812
13275,GA,Thomas,19.28275812
13277,GA,Tift,19.28275812
13279,GA,Toombs,19.28275812
13281,GA,Towns,19.28275812
13283,GA,Treutlen,19.28275812
13285,GA,Troup,19.28275812
13287,GA,Turner,19.28275812
13289,GA,Twiggs,19.28275812
13291,GA,Union,19.28275812
13293,GA,Upson,19.28275812
13295,GA,Walker,19.28275812
13297,GA,Walton,19.28275812
13299,GA,Ware,19.28275812
13301,GA,Warren,19.28275812
13303,GA,Washington,19.28275812
13305,GA,Wayne,19.28275812
13307,GA,Webster,19.28275812
13309,GA,Wheeler,19.28275812
13311,GA,White,19.28275812
13313,GA,Whitfield,19.28275812
13315,GA,Wilcox,19.28275812
13317,GA,Wilkes,19.28275812
13319,GA,Wilkinson,19.28275812
13321,GA,Worth,19.28275812
15001,HI,Hawaii,12.69994606
15003,HI,Honolulu,12.69994606
15005,HI,Kalawao,12.69994606
15007,HI,Kauai,12.69994606
15009,HI,Maui,12.69994606
15901,HI,Maui + Kalawao,
16001,ID,Ada,14.60361666
16003,ID,Adams,14.60361666
16005,ID,Bannock,14.60361666
16007,ID,Bear Lake,14.60361666
16009,ID,Benewah,14.60361666
16011,ID,Bingham,14.60361666
16013,ID,Blaine,14.60361666
16015,ID,Boise,14.60361666
16017,ID,Bonner,14.60361666
16019,ID,Bonneville,14.60361666
16021,ID,Boundary,14.60361666
16023,ID,Butte,14.60361666
16025,ID,Camas,14.60361666
16027,ID,Canyon,14.60361666
16029,ID,Caribou,14.60361666
16031,ID,Cassia,14.60361666
16033,ID,Clark,14.60361666
16035,ID,Clearwater,14.60361666
16037,ID,Custer,14.60361666
16039,ID,Elmore,14.60361666
16041,ID,Franklin,14.60361666
16043,ID,Fremont,14.60361666
16045,ID,Gem,14.60361666
16047,ID,Gooding,14.60361666
16049,ID,Idaho,14.60361666
16051,ID,Jefferson,14.60361666
16053,ID,Jerome,14.60361666
16055,ID,Kootenai,14.60361666
16057,ID,Latah,14.60361666
16059,ID,Lemhi,14.60361666
16061,ID,Lewis,14.60361666
16063,ID,Lincoln,14.60361666
16065,ID,Madison,14.60361666
16067,ID,Minidoka,14.60361666
16069,ID,Nez Perce,14.60361666
16071,ID,Oneida,14.60361666
16073,ID,Owyhee,14.60361666
16075,ID,Payette,14.60361666
16077,ID,Power,14.60361666
16079,ID,Shoshone,14.60361666
16081,ID,Teton,14.60361666
16083,ID,Twin Falls,14.60361666
16085,ID,Valley,14.60361666
16087,ID,Washington,14.60361666
17001,IL,Adams,14.5217551
17003,IL,Alexander,14.5217551
17005,IL,Bond,14.5217551
17007,IL,Boone,14.5217551
17009,IL,Brown,14.5217551
17011,IL,Bureau,14.5217551
17013,IL,Calhoun,14.5217551
17015,IL,Carroll,14.5217551
17017,IL,Cass,14.5217551
17019,IL,Champaign,14.5217551
17021,IL,Christian,14.5217551
17023,IL,Clark,14.5217551
17025,IL,Clay,14.5217551
17027,IL,Clinton,14.5217551
17029,IL,Coles,14.5217551
17031,IL,Cook,14.5217551
17033,IL,Crawford,14.5217551
17035,IL,Cumberland,14.5217551
17037,IL,DeKalb,14.5217551
17039,IL,De Witt,14.5217551
17041,IL,Douglas,14.5217551
17043,IL,DuPage,14.5217551
17045,IL,Edgar,14.5217551
17047,IL,Edwards,14.5217551
17049,IL,Effingham,14.5217551
17051,IL,Fayette,14.5217551
17053,IL,Ford,14.5217551
17055,IL,Franklin,14.5217551
17057,IL,Fulton,14.5217551
17059,IL,Gallatin,14.5217551
17061,IL,Greene,14.5217551
17063,IL,Grundy,14.5217551
17065,IL,Hamilton,14.5217551
17067,IL,Hancock,14.5217551
17069,IL,Hardin,14.5217551
17071,IL,Henderson,14.5217551
17073,IL,Henry,14.5217551
17075,IL,Iroquois,14.5217551
17077,IL,Jackson,14.5217551
17079,IL,Jasper,14.5217551
17081,IL,Jefferson,14.5217551
17083,IL,Jersey,14.5217551
17085,IL,Jo Daviess,14.5217551
17087,IL,Johnson,14.5217551
17089,IL,Kane,14.5217551
17091,IL,Kankakee,14.5217551
17093,IL,Kendall,14.5217551
17095,IL,Knox,14.5217551
17097,IL,Lake,14.5217551
17099,IL,LaSalle,14.5217551
17101,IL,Lawrence,14.5217551
17103,IL,Lee,14.5217551
17105,IL,Livingston,14.5217551
17107,IL,Logan,14.5217551
17109,IL,McDonough,14.5217551
17111,IL,McHenry,14.5217551
17113,IL,McLean,14.5217551
17115,IL,Macon,14.5217551
17117,IL,Macoupin,14.5217551
17119,IL,Madison,14.5217551
17121,IL,Marion,14.5217551
17123,IL,Marshall,14.5217551
17125,IL,Mason,14.5217551
17127,IL,Massac,14.5217551
17129,IL,Menard,14.5217551
17131,IL,Mercer,14.5217551
17133,IL,Monroe,14.5217551
17135,IL,Montgomery,14.5217551
17137,IL,Morgan,14.5217551
17139,IL,Moultrie,14.5217551
17141,IL,Ogle,14.5217551
17143,IL,Peoria,14.5217551
17145,IL,Perry,14.5217551
17147,IL,Piatt,14.5217551
17149,IL,Pike,14.5217551
17151,IL,Pope,14.5217551
17153,IL,Pulaski,14.5217551
17155,IL,Putnam,14.5217551
17157,IL,Randolph,14.5217551
17159,IL,Richland,14.5217551
17161,IL,Rock Island,14.5217551
17163,IL,St. Clair,14.5217551
17165,IL,Saline,14.5217551
17167,IL,Sangamon,14.5217551
17169,IL,Schuyler,14.5217551
17171,IL,Scott,14.5217551
17173,IL,Shelby,14.5217551
17175,IL,Stark,14.5217551
17177,IL,Stephenson,14.5217551
17179,IL,Tazewell,14.5217551
17181,IL,Union,14.5217551
17183,IL,Vermilion,14.5217551
17185,IL,Wabash,14.5217551
17187,IL,Warren,14.5217551
17189,IL,Washington,14.5217551
17191,IL,Wayne,14.5217551
17193,IL,White,14.5217551
17195,IL,Whiteside,14.5217551
17197,IL,Will,14.5217551
17199,IL,Williamson,14.5217551
17201,IL,Winnebago,14.5217551
17203,IL,Woodford,14.5217551
18001,IN,Adams,13.90023823
18003,IN,Allen,13.90023823
18005,IN,Bartholomew,13.90023823
18007,IN,Benton,13.90023823
18009,IN,Blackford,13.90023823
18011,IN,Boone,13.90023823
18013,IN,Brown,13.90023823
18015,IN,Carroll,13.90023823
18017,IN,Cass,13.90023823
18019,IN,Clark,13.90023823
18021,IN,Clay,13.90023823
18023,IN,Clinton,13.90023823
18025,IN,Crawford,13.90023823
18027,IN,Daviess,13.90023823
18029,IN,Dearborn,13.90023823
18031,IN,Decatur,13.90023823
18033,IN,DeKalb,13.90023823
18035,IN,Delaware,13.90023823
18037,IN,Dubois,13.90023823
18039,IN,Elkhart,13.90023823
18041,IN,Fayette,13.90023823
18043,IN,Floyd,13.90023823
18045,IN,Fountain,13.90023823
18047,IN,Franklin,13.90023823
18049,IN,Fulton,13.90023823
18051,IN,Gibson,13.90023823
18053,IN,Grant,13.90023823
18055,IN,Greene,13.90023823
18057,IN,Hamilton,13.90023823
18059,IN,Hancock,13.90023823
18061,IN,Harrison,13.90023823
18063,IN,Hendricks,13.90023823
18065,IN,Henry,13.90023823
18067,IN,Howard,13.90023823
18069,IN,Huntington,13.90023823
18071,IN,Jackson,13.90023823
18073,IN,Jasper,13.90023823
18075,IN,Jay,13.90023823
18077,IN,Jefferson,13.90023823
18079,IN,Jennings,13.90023823
18081,IN,Johnson,13.90023823
18083,IN,Knox,13.90023823
18085,IN,Kosciusko,13.90023823
18087,IN,LaGrange,13.90023823
18089,IN,Lake,13.90023823
18091,IN,LaPorte,13.90023823
18093,IN,Lawrence,13.90023823
18095,IN,Madison,13.90023823
18097,IN,Marion,13.90023823
18099,IN,Marshall,13.90023823
18101,IN,Martin,13.90023823
18103,IN,Miami,13.90023823
18105,IN,Monroe,13.90023823
18107,IN,Montgomery,13.90023823
18109,IN,Morgan,13.90023823
18111,IN,Newton,13.90023823
18113,IN,Noble,13.90023823
18115,IN,Ohio,13.90023823
18117,IN,Orange,13.90023823
18119,IN,Owen,13.90023823
18121,IN,Parke,13.90023823
18123,IN,Perry,13.90023823
18125,IN,Pike,13.90023823
18127,IN,Porter,13.90023823
18129,IN,Posey,13.90023823
18131,IN,Pulaski,13.90023823
18133,IN,Putnam,13.90023823
18135,IN,Randolph,13.90023823
18137,IN,Ripley,13.90023823
18139,IN,Rush,13.90023823
18141,IN,St. Joseph,13.90023823
18143,IN,Scott,13.90023823
18145,IN,Shelby,13.90023823
18147,IN,Spencer,13.90023823
18149,IN,Starke,13.90023823
18151,IN,Steuben,13.90023823
18153,IN,Sullivan,13.90023823
18155,IN,Switzerland,13.90023823
18157,IN,Tippecanoe,13.90023823
18159,IN,Tipton,13.90023823
18161,IN,Union,13.90023823
18163,IN,Vanderburgh,13.90023823
18165,IN,Vermillion,13.90023823
18167,IN,Vigo,13.90023823
18169,IN,Wabash,13.90023823
18171,IN,Warren,13.90023823
18173,IN,Warrick,13.90023823
18175,IN,Washington,13.90023823
18177,IN,Wayne,13.90023823
18179,IN,Wells,13.90023823
18181,IN,White,13.90023823
18183,IN,Whitley,13.90023823
19001,IA,Adair,13.27343238
19003,IA,Adams,13.27343238
19005,IA,Allamakee,13.27343238
19007,IA,Appanoose,13.27343238
19009,IA,Audubon,13.27343238
19011,IA,Benton,13.27343238
19013,IA,Black Hawk,13.27343238
19015,IA,Boone,13.27343238
19017,IA,Bremer,13.27343238
19019,IA,Buchanan,13.27343238
19021,IA,Buena Vista,13.27343238
19023,IA,Butler,13.27343238
19025,IA,Calhoun,13.27343238
19027,IA,Carroll,13.27343238
19029,IA,Cass,13.27343238
19031,IA,Cedar,13.27343238
19033,IA,Cerro Gordo,13.27343238
19035,IA,Cherokee,13.27343238
19037,IA,Chickasaw,13.27343238
19039,IA,Clarke,13.27343238
19041,IA,Clay,13.27343238
19043,IA,Clayton,13.27343238
19045,IA,Clinton,13.27343238
19047,IA,Crawford,13.27343238
19049,IA,Dallas,13.27343238
19051,IA,Davis,13.27343238
19053,IA,Decatur,13.27343238
19055,IA,Delaware,13.27343238
19057,IA,Des Moines,13.27343238
19059,IA,Dickinson,13.27343238
19061,IA,Dubuque,13.27343238
19063,IA,Emmet,13.27343238
19065,IA,Fayette,13.27343238
19067,IA,Floyd,13.27343238
19069,IA,Franklin,13.27343238
19071,IA,Fremont,13.27343238
19073,IA,Greene,13.27343238
19075,IA,Grundy,13.27343238
19077,IA,Guthrie,13.27343238
19079,IA,Hamilton,13.27343238
19081,IA,Hancock,13.27343238
19083,IA,Hardin,13.27343238
19085,IA,Harrison,13.27343238
19087,IA,Henry,13.27343238
19089,IA,Howard,13.27343238
19091,IA,Humboldt,13.27343238
19093,IA,Ida,13.27343238
19095,IA,Iowa,13.27343238
19097,IA,Jackson,13.27343238
19099,IA,Jasper,13.27343238
19101,IA,Jefferson,13.27343238
19103,IA,Johnson,13.27343238
19105,IA,Jones,13.27343238
19107,IA,Keokuk,13.27343238
19109,IA,Kossuth,13.27343238
19111,IA,Lee,13.27343238
19113,IA,Linn,13.27343238
19115,IA,Louisa,13.27343238
19117,IA,Lucas,13.27343238
19119,IA,Lyon,13.27343238
19121,IA,Madison,13.27343238
19123,IA,Mahaska,13.27343238
19125,IA,Marion,13.27343238
19127,IA,Marshall,13.27343238
19129,IA,Mills,13.27343238
19131,IA,Mitchell,13.27343238
19133,IA,Monona,13.27343238
19135,IA,Monroe,13.27343238
19137,IA,Montgomery,13.27343238
19139,IA,Muscatine,13.27343238
19141,IA,O'Brien,13.27343238
19143,IA,Osceola,13.27343238
19145,IA,Page,13.27343238
19147,IA,Palo Alto,13.27343238
19149,IA,Plymouth,13.27343238
19151,IA,Pocahontas,13.27343238
19153,IA,Polk,13.27343238
19155,IA,Pottawattamie,13.27343238
19157,IA,Poweshiek,13.27343238
19159,IA,Ringgold,13.27343238
19161,IA,Sac,13.27343238
19163,IA,Scott,13.27343238
19165,IA,Shelby,13.27343238
19167,IA,Sioux,13.27343238
19169,IA,Story,13.27343238
19171,IA,Tama,13.27343238
19173,IA,Taylor,13.27343238
19175,IA,Union,13.27343238
19177,IA,Van Buren,13.27343238
19179,IA,Wapello,13.27343238
19181,IA,Warren,13.27343238
19183,IA,Washington,13.27343238
19185,IA,Wayne,13.27343238
19187,IA,Webster,13.27343238
19189,IA,Winnebago,13.27343238
19191,IA,Winneshiek,13.27343238
19193,IA,Woodbury,13.27343238
19195,IA,Worth,13.27343238
19197,IA,Wright,13.27343238
20001,KS,Allen,10.55887148
20003,KS,Anderson,10.55887148
20005,KS,Atchison,10.55887148
20007,KS,Barber,10.55887148
20009,KS,Barton,10.55887148
20011,KS,Bourbon,10.55887148
20013,KS,Brown,10.55887148
20015,KS,Butler,10.55887148
20017,KS,Chase,10.55887148
20019,KS,Chautauqua,10.55887148
20021,KS,Cherokee,10.55887148
20023,KS,Cheyenne,10.55887148
20025,KS,Clark,10.55887148
20027,KS,Clay,10.55887148
20029,KS,Cloud,10.55887148
20031,KS,Coffey,10.55887148
20033,KS,Comanche,10.55887148
20035,KS,Cowley,10.55887148
20037,KS,Crawford,10.55887148
20039,KS,Decatur,10.55887148
20041,KS,Dickinson,10.55887148
20043,KS,Doniphan,10.55887148
20045,KS,Douglas,10.55887148
20047,KS,Edwards,10.55887148
20049,KS,Elk,10.55887148
20051,KS,Ellis,10.55887148
20053,KS,Ellsworth,10.55887148
20055,KS,Finney,10.55887148
20057,KS,Ford,10.55887148
20059,KS,Franklin,10.55887148
20061,KS,Geary,10.55887148
20063,KS,Gove,10.55887148
20065,KS,Graham,10.55887148
20067,KS,Grant,10.55887148
20069,KS,Gray,10.55887148
20071,KS,Greeley,10.55887148
20073,KS,Greenwood,10.55887148
20075,KS,Hamilton,10.55887148
20077,KS,Harper,10.55887148
20079,KS,Harvey,10.55887148
20081,KS,Haskell,10.55887148
20083,KS,Hodgeman,10.55887148
20085,KS,Jackson,10.55887148
20087,KS,Jefferson,10.55887148
20089,KS,Jewell,10.55887148
20091,KS,Johnson,10.55887148
20093,KS,Kearny,10.55887148
20095,KS,Kingman,10.55887148
20097,KS,Kiowa,10.55887148
20099,KS,Labette,10.55887148
20101,KS,Lane,10.55887148
20103,KS,Leavenworth,10.55887148
20105,KS,Lincoln,10.55887148
20107,KS,Linn,10.55887148
20109,KS,Logan,10.55887148
20111,KS,Lyon,10.55887148
20113,KS,McPherson,10.55887148
20115,KS,Marion,10.55887148
20117,KS,Marshall,10.55887148
20119,KS,Meade,10.55887148
20121,KS,Miami,10.55887148
20123,KS,Mitchell,10.55887148
20125,KS,Montgomery,10.55887148
20127,KS,Morris,10.55887148
20129,KS,Morton,10.55887148
20131,KS,Nemaha,10.55887148
20133,KS,Neosho,10.55887148
20135,KS,Ness,10.55887148
20137,KS,Norton,10.55887148
20139,KS,Osage,10.55887148
20141,KS,Osborne,10.55887148
20143,KS,Ottawa,10.55887148
20145,KS,Pawnee,10.55887148
20147,KS,Phillips,10.55887148
20149,KS,Pottawatomie,10.55887148
20151,KS,Pratt,10.55887148
20153,KS,Rawlins,10.55887148
20155,KS,Reno,10.55887148
20157,KS,Republic,10.55887148
20159,KS,Rice,10.55887148
20161,KS,Riley,10.55887148
20163,KS,Rooks,10.55887148
20165,KS,Rush,10.55887148
20167,KS,Russell,10.55887148
20169,KS,Saline,10.55887148
20171,KS,Scott,10.55887148
20173,KS,Sedgwick,10.55887148
20175,KS,Seward,10.55887148
20177,KS,Shawnee,10.55887148
20179,KS,Sheridan,10.55887148
20181,KS,Sherman,10.55887148
20183,KS,Smith,10.55887148
20185,KS,Stafford,10.55887148
20187,KS,Stanton,10.55887148
20189,KS,Stevens,10.55887148
20191,KS,Sumner,10.55887148
20193,KS,Thomas,10.55887148
20195,KS,Trego,10.55887148
20197,KS,Wabaunsee,10.55887148
20199,KS,Wallace,10.55887148
20201,KS,Washington,10.55887148
20203,KS,Wichita,10.55887148
20205,KS,Wilson,10.55887148
20207,KS,Woodson,10.55887148
20209,KS,Wyandotte,10.55887148
21001,KY,Adair,19.38738681
21003,KY,Allen,19.38738681
21005,KY,Anderson,19.38738681
21007,KY,Ballard,19.38738681
21009,KY,Barren,19.38738681
21011,KY,Bath,19.38738681
21013,KY,Bell,19.38738681
21015,KY,Boone,19.38738681
21017,KY,Bourbon,19.38738681
21019,KY,Boyd,19.38738681
21021,KY,Boyle,19.38738681
21023,KY,Bracken,19.38738681
21025,KY,Breathitt,19.38738681
21027,KY,Breckinridge,19.38738681
21029,KY,Bullitt,19.38738681
21031,KY,Butler,19.38738681
21033,KY,Caldwell,19.38738681
21035,KY,Calloway,19.38738681
21037,KY,Campbell,19.38738681
21039,KY,Carlisle,19.38738681
21041,KY,Carroll,19.38738681
21043,KY,Carter,19.38738681
21045,KY,Casey,19.38738681
21047,KY,Christian,19.38738681
21049,KY,Clark,19.38738681
21051,KY,Clay,19.38738681
21053,KY,Clinton,19.38738681
21055,KY,Crittenden,19.38738681
21057,KY,Cumberland,19.38738681
21059,KY,Daviess,19.38738681
21061,KY,Edmonson,19.38738681
21063,KY,Elliott,19.38738681
21065,KY,Estill,19.38738681
21067,KY,Fayette,19.38738681
21069,KY,Fleming,19.38738681
21071,KY,Floyd,19.38738681
21073,KY,Franklin,19.38738681
21075,KY,Fulton,19.38738681
21077,KY,Gallatin,19.38738681
21079,KY,Garrard,19.38738681
21081,KY,Grant,19.38738681
21083,KY,Graves,19.38738681
21085,KY,Grayson,19.38738681
21087,KY,Green,19.38738681
21089,KY,Greenup,19.38738681
21091,KY,Hancock,19.38738681
21093,KY,Hardin,19.38738681
21095,KY,Harlan,19.38738681
21097,KY,Harrison,19.38738681
21099,KY,Hart,19.38738681
21101,KY,Henderson,19.38738681
21103,KY,Henry,19.38738681
21105,KY,Hickman,19.38738681
21107,KY,Hopkins,19.38738681
21109,KY,Jackson,19.38738681
21111,KY,Jefferson,19.38738681
21113,KY,Jessamine,19.38738681
21115,KY,Johnson,19.38738681
21117,KY,Kenton,19.38738681
21119,KY,Knott,19.38738681
21121,KY,Knox,19.38738681
21123,KY,Larue,19.38738681
21125,KY,Laurel,19.38738681
21127,KY,Lawrence,19.38738681
21129,KY,Lee,19.38738681
21131,KY,Leslie,19.38738681
21133,KY,Letcher,19.38738681
21135,KY,Lewis,19.38738681
21137,KY,Lincoln,19.38738681
21139,KY,Livingston,19.38738681
21141,KY,Logan,19.38738681
21143,KY,Lyon,19.38738681
21145,KY,McCracken,19.38738681
21147,KY,McCreary,19.38738681
21149,KY,McLean,19.38738681
21151,KY,Madison,19.38738681
21153,KY,Magoffin,19.38738681
21155,KY,Marion,19.38738681
21157,KY,Marshall,19.38738681
21159,KY,Martin,19.38738681
21161,KY,Mason,19.38738681
21163,KY,Meade,19.38738681
21165,KY,Menifee,19.38738681
21167,KY,Mercer,19.38738681
21169,KY,Metcalfe,19.38738681
21171,KY,Monroe,19.38738681
21173,KY,Montgomery,19.38738681
21175,KY,Morgan,19.38738681
21177,KY,Muhlenberg,19.38738681
21179,KY,Nelson,19.38738681
21181,KY,Nicholas,19.38738681
21183,KY,Ohio,19.38738681
21185,KY,Oldham,19.38738681
21187,KY,Owen,19.38738681
21189,KY,Owsley,19.38738681
21191,KY,Pendleton,19.38738681
21193,KY,Perry,19.38738681
21195,KY,Pike,19.38738681
21197,KY,Powell,19.38738681
21199,KY,Pulaski,19.38738681
21201,KY,Robertson,19.38738681
21203,KY,Rockcastle,19.38738681
21205,KY,Rowan,19.38738681
21207,KY,Russell,19.38738681
21209,KY,Scott,19.38738681
21211,KY,Shelby,19.38738681
21213,KY,Simpson,19.38738681
21215,KY,Spencer,19.38738681
21217,KY,Taylor,19.38738681
21219,KY,Todd,19.38738681
21221,KY,Trigg,19.38738681
21223,KY,Trimble,19.38738681
21225,KY,Union,19.38738681
21227,KY,Warren,19.38738681
21229,KY,Washington,19.38738681
21231,KY,Wayne,19.38738681
21233,KY,Webster,19.38738681
21235,KY,Whitley,19.38738681
21237,KY,Wolfe,19.38738681
21239,KY,Woodford,19.38738681
22001,LA,Acadia,20.6166897
22003,LA,Allen,20.6166897
22005,LA,Ascension,20.6166897
22007,LA,Assumption,20.6166897
22009,LA,Avoyelles,20.6166897
22011,LA,Beauregard,20.6166897
22013,LA,Bienville,20.6166897
22015,LA,Bossier,20.6166897
22017,LA,Caddo,20.6166897
22019,LA,Calcasieu,20.6166897
22021,LA,Caldwell,20.6166897
22023,LA,Cameron,20.6166897
22025,LA,Catahoula,20.6166897
22027,LA,Claiborne,20.6166897
22029,LA,Concordia,20.6166897
22031,LA,De Soto,20.6166897
22033,LA,East Baton Rouge,20.6166897
22035,LA,East Carroll,20.6166897
22037,LA,East Feliciana,20.6166897
22039,LA,Evangeline,20.6166897
22041,LA,Franklin,20.6166897
22043,LA,Grant,20.6166897
22045,LA,Iberia,20.6166897
22047,LA,Iberville,20.6166897
22049,LA,Jackson,20.6166897
22051,LA,Jefferson,20.6166897
22053,LA,Jefferson Davis,20.6166897
22055,LA,Lafayette,20.6166897
22057,LA,Lafourche,20.6166897
22059,LA,La Salle,20.6166897
22061,LA,Lincoln,20.6166897
22063,LA,Livingston,20.6166897
22065,LA,Madison,20.6166897
22067,LA,Morehouse,20.6166897
22069,LA,Natchitoches,20.6166897
22071,LA,Orleans,20.6166897
22073,LA,Ouachita,20.6166897
22075,LA,Plaquemines,20.6166897
22077,LA,Pointe Coupee,20.6166897
22079,LA,Rapides,20.6166897
22081,LA,Red River,20.6166897
22083,LA,Richland,20.6166897
22085,LA,Sabine,20.6166897
22087,LA,St. Bernard,20.6166897
22089,LA,St. Charles,20.6166897
22091,LA,St. Helena,20.6166897
22093,LA,St. James,20.6166897
22095,LA,St. John the Baptist,20.6166897
22097,LA,St. Landry,20.6166897
22099,LA,St. Martin,20.6166897
22101,LA,St. Mary,20.6166897
22103,LA,St. Tammany,20.6166897
22105,LA,Tangipahoa,20.6166897
22107,LA,Tensas,20.6166897
22109,LA,Terrebonne,20.6166897
22111,LA,Union,20.6166897
22113,LA,Vermilion,20.6166897
22115,LA,Vernon,20.6166897
22117,LA,Washington,20.6166897
22119,LA,Webster,20.6166897
22121,LA,West Baton Rouge,20.6166897
22123,LA,West Carroll,20.6166897
22125,LA,West Feliciana,20.6166897
22127,LA,Winn,20.6166897
23001,ME,Androscoggin,19.02358726
23003,ME,Aroostook,19.02358726
23005,ME,Cumberland,19.02358726
23007,ME,Franklin,19.02358726
23009,ME,Hancock,19.02358726
23011,ME,Kennebec,19.02358726
23013,ME,Knox,19.02358726
23015,ME,Lincoln,19.02358726
23017,ME,Oxford,19.02358726
23019,ME,Penobscot,19.02358726
23021,ME,Piscataquis,19.02358726
23023,ME,Sagadahoc,19.02358726
23025,ME,Somerset,19.02358726
23027,ME,Waldo,19.02358726
23029,ME,Washington,19.02358726
23031,ME,York,19.02358726
24001,MD,Allegany,12.17386916
24003,MD,Anne Arundel,12.17386916
24005,MD,Baltimore,12.17386916
24009,MD,Calvert,12.17386916
24011,MD,Caroline,12.17386916
24013,MD,Carroll,12.17386916
24015,MD,Cecil,12.17386916
24017,MD,Charles,12.17386916
24019,MD,Dorchester,12.17386916
24021,MD,Frederick,12.17386916
24023,MD,Garrett,12.17386916
24025,MD,Harford,12.17386916
24027,MD,Howard,12.17386916
24029,MD,Kent,12.17386916
24031,MD,Montgomery,12.17386916
24033,MD,Prince George's,12.17386916
24035,MD,Queen Anne's,12.17386916
24037,MD,St. Mary's,12.17386916
24039,MD,Somerset,12.17386916
24041,MD,Talbot,12.17386916
24043,MD,Washington,12.17386916
24045,MD,Wicomico,12.17386916
24047,MD,Worcester,12.17386916
24510,MD,Baltimore,12.17386916
25001,MA,Barnstable,12.96342661
25003,MA,Berkshire,12.96342661
25005,MA,Bristol,12.96342661
25007,MA,Dukes,12.96342661
25009,MA,Essex,12.96342661
25011,MA,Franklin,12.96342661
25013,MA,Hampden,12.96342661
25015,MA,Hampshire,12.96342661
25017,MA,Middlesex,12.96342661
25019,MA,Nantucket,12.96342661
25021,MA,Norfolk,12.96342661
25023,MA,Plymouth,12.96342661
25025,MA,Suffolk,12.96342661
25027,MA,Worcester,12.96342661
26001,MI,Alcona,18.49961956
26003,MI,Alger,18.49961956
26005,MI,Allegan,18.49961956
26007,MI,Alpena,18.49961956
26009,MI,Antrim,18.49961956
26011,MI,Arenac,18.49961956
26013,MI,Baraga,18.49961956
26015,MI,Barry,18.49961956
26017,MI,Bay,18.49961956
26019,MI,Benzie,18.49961956
26021,MI,Berrien,18.49961956
26023,MI,Branch,18.49961956
26025,MI,Calhoun,18.49961956
26027,MI,Cass,18.49961956
26029,MI,Charlevoix,18.49961956
26031,MI,Cheboygan,18.49961956
26033,MI,Chippewa,18.49961956
26035,MI,Clare,18.49961956
26037,MI,Clinton,18.49961956
26039,MI,Crawford,18.49961956
26041,MI,Delta,18.49961956
26043,MI,Dickinson,18.49961956
26045,MI,Eaton,18.49961956
26047,MI,Emmet,18.49961956
26049,MI,Genesee,18.49961956
26051,MI,Gladwin,18.49961956
26053,MI,Gogebic,18.49961956
26055,MI,Grand Traverse,18.49961956
26057,MI,Gratiot,18.49961956
26059,MI,Hillsdale,18.49961956
26061,MI,Houghton,18.49961956
26063,MI,Huron,18.49961956
26065,MI,Ingham,18.49961956
26067,MI,Ionia,18.49961956
26069,MI,Iosco,18.49961956
26071,MI,Iron,18.49961956
26073,MI,Isabella,18.49961956
26075,MI,Jackson,18.49961956
26077,MI,Kalamazoo,18.49961956
26079,MI,Kalkaska,18.49961956
26081,MI,Kent,18.49961956
26083,MI,Keweenaw,18.49961956
26085,MI,Lake,18.49961956
26087,MI,Lapeer,18.49961956
26089,MI,Leelanau,18.49961956
26091,MI,Lenawee,18.49961956
26093,MI,Livingston,18.49961956
26095,MI,Luce,18.49961956
26097,MI,Mackinac,18.49961956
26099,MI,Macomb,18.49961956
26101,MI,Manistee,18.49961956
26103,MI,Marquette,18.49961956
26105,MI,Mason,18.49961956
26107,MI,Mecosta,18.49961956
26109,MI,Menominee,18.49961956
26111,MI,Midland,18.49961956
26113,MI,Missaukee,18.49961956
26115,MI,Monroe,18.49961956
26117,MI,Montcalm,18.49961956
26119,MI,Montmorency,18.49961956
26121,MI,Muskegon,18.49961956
26123,MI,Newaygo,18.49961956
26125,MI,Oakland,18.49961956
26127,MI,Oceana,18.49961956
26129,MI,Ogemaw,18.49961956
26131,MI,Ontonagon,18.49961956
26133,MI,Osceola,18.49961956
26135,MI,Oscoda,18.49961956
26137,MI,Otsego,18.49961956
26139,MI,Ottawa,18.49961956
26141,MI,Presque Isle,18.49961956
26143,MI,Roscommon,18.49961956
26145,MI,Saginaw,18.49961956
26147,MI,St. Clair,18.49961956
26149,MI,St. Joseph,18.49961956
26151,MI,Sanilac,18.49961956
26153,MI,Schoolcraft,18.49961956
26155,MI,Shiawassee,18.49961956
26157,MI,Tuscola,18.49961956
26159,MI,Van Buren,18.49961956
26161,MI,Washtenaw,18.49961956
26163,MI,Wayne,18.49961956
26165,MI,Wexford,18.49961956
27001,MN,Aitkin,10.01775563
27003,MN,Anoka,10.01775563
27005,MN,Becker,10.01775563
27007,MN,Beltrami,10.01775563
27009,MN,Benton,10.01775563
27011,MN,Big Stone,10.01775563
27013,MN,Blue Earth,10.01775563
27015,MN,Brown,10.01775563
27017,MN,Carlton,10.01775563
27019,MN,Carver,10.01775563
27021,MN,Cass,10.01775563
27023,MN,Chippewa,10.01775563
27025,MN,Chisago,10.01775563
27027,MN,Clay,10.01775563
27029,MN,Clearwater,10.01775563
27031,MN,Cook,10.01775563
27033,MN,Cottonwood,10.01775563
27035,MN,Crow Wing,10.01775563
27037,MN,Dakota,10.01775563
27039,MN,Dodge,10.01775563
27041,MN,Douglas,10.01775563
27043,MN,Faribault,10.01775563
27045,MN,Fillmore,10.01775563
27047,MN,Freeborn,10.01775563
27049,MN,Goodhue,10.01775563
27051,MN,Grant,10.01775563
27053,MN,Hennepin,10.01775563
27055,MN,Houston,10.01775563
27057,MN,Hubbard,10.01775563
27059,MN,Isanti,10.01775563
27061,MN,Itasca,10.01775563
27063,MN,Jackson,10.01775563
27065,MN,Kanabec,10.01775563
27067,MN,Kandiyohi,10.01775563
27069,MN,Kittson,10.01775563
27071,MN,Koochiching,10.01775563
27073,MN,Lac qui Parle,10.01775563
27075,MN,Lake,10.01775563
27077,MN,Lake of the Woods,10.01775563
27079,MN,Le Sueur,10.01775563
27081,MN,Lincoln,10.01775563
27083,MN,Lyon,10.01775563
27085,MN,McLeod,10.01775563
27087,MN,Mahnomen,10.01775563
27089,MN,Marshall,10.01775563
27091,MN,Martin,10.01775563
27093,MN,Meeker,10.01775563
27095,MN,Mille Lacs,10.01775563
27097,MN,Morrison,10.01775563
27099,MN,Mower,10.01775563
27101,MN,Murray,10.01775563
27103,MN,Nicollet,10.01775563
27105,MN,Nobles,10.01775563
27107,MN,Norman,10.01775563
27109,MN,Olmsted,10.01775563
27111,MN,Otter Tail,10.01775563
27113,MN,Pennington,10.01775563
27115,MN,Pine,10.01775563
27117,MN,Pipestone,10.01775563
27119,MN,Polk,10.01775563
27121,MN,Pope,10.01775563
27123,MN,Ramsey,10.01775563
27125,MN,Red Lake,10.01775563
27127,MN,Redwood,10.01775563
27129,MN,Renville,10.01775563
27131,MN,Rice,10.01775563
27133,MN,Rock,10.01775563
27135,MN,Roseau,10.01775563
27137,MN,St. Louis,10.01775563
27139,MN,Scott,10.01775563
27141,MN,Sherburne,10.01775563
27143,MN,Sibley,10.01775563
27145,MN,Stearns,10.01775563
27147,MN,Steele,10.01775563
27149,MN,Stevens,10.01775563
27151,MN,Swift,10.01775563
27153,MN,Todd,10.01775563
27155,MN,Traverse,10.01775563
27157,MN,Wabasha,10.01775563
27159,MN,Wadena,10.01775563
27161,MN,Waseca,10.01775563
27163,MN,Washington,10.01775563
27165,MN,Watonwan,10.01775563
27167,MN,Wilkin,10.01775563
27169,MN,Winona,10.01775563
27171,MN,Wright,10.01775563
27173,MN,Yellow Medicine,10.01775563
28001,MS,Adams,22.1068127
28003,MS,Alcorn,22.1068127
28005,MS,Amite,22.1068127
28007,MS,Attala,22.1068127
28009,MS,Benton,22.1068127
28011,MS,Bolivar,22.1068127
28013,MS,Calhoun,22.1068127
28015,MS,Carroll,22.1068127
28017,MS,Chickasaw,22.1068127
28019,MS,Choctaw,22.1068127
28021,MS,Claiborne,22.1068127
28023,MS,Clarke,22.1068127
28025,MS,Clay,22.1068127
28027,MS,Coahoma,22.1068127
28029,MS,Copiah,22.1068127
28031,MS,Covington,22.1068127
28033,MS,DeSoto,22.1068127
28035,MS,Forrest,22.1068127
28037,MS,Franklin,22.1068127
28039,MS,George,22.1068127
28041,MS,Greene,22.1068127
28043,MS,Grenada,22.1068127
28045,MS,Hancock,22.1068127
28047,MS,Harrison,22.1068127
28049,MS,Hinds,22.1068127
28051,MS,Holmes,22.1068127
28053,MS,Humphreys,22.1068127
28055,MS,Issaquena,22.1068127
28057,MS,Itawamba,22.1068127
28059,MS,Jackson,22.1068127
28061,MS,Jasper,22.1068127
28063,MS,Jefferson,22.1068127
28065,MS,Jefferson Davis,22.1068127
28067,MS,Jones,22.1068127
28069,MS,Kemper,22.1068127
28071,MS,Lafayette,22.1068127
28073,MS,Lamar,22.1068127
28075,MS,Lauderdale,22.1068127
28077,MS,Lawrence,22.1068127
28079,MS,Leake,22.1068127
28081,MS,Lee,22.1068127
28083,MS,Leflore,22.1068127
28085,MS,Lincoln,22.1068127
28087,MS,Lowndes,22.1068127
28089,MS,Madison,22.1068127
28091,MS,Marion,22.1068127
28093,MS,Marshall,22.1068127
28095,MS,Monroe,22.1068127
28097,MS,Montgomery,22.1068127
28099,MS,Neshoba,22.1068127
28101,MS,Newton,22.1068127
28103,MS,Noxubee,22.1068127
28105,MS,Oktibbeha,22.1068127
28107,MS,Panola,22.1068127
28109,MS,Pearl River,22.1068127
28111,MS,Perry,22.1068127
28113,MS,Pike,22.1068127
28115,MS,Pontotoc,22.1068127
28117,MS,Prentiss,22.1068127
28119,MS,Quitman,22.1068127
28121,MS,Rankin,22.1068127
28123,MS,Scott,22.1068127
28125,MS,Sharkey,22.1068127
28127,MS,Simpson,22.1068127
28129,MS,Smith,22.1068127
28131,MS,Stone,22.1068127
28133,MS,Sunflower,22.1068127
28135,MS,Tallahatchie,22.1068127
28137,MS,Tate,22.1068127
28139,MS,Tippah,22.1068127
28141,MS,Tishomingo,22.1068127
28143,MS,Tunica,22.1068127
28145,MS,Union,22.1068127
28147,MS,Walthall,22.1068127
28149,MS,Warren,22.1068127
28151,MS,Washington,22.1068127
28153,MS,Wayne,22.1068127
28155,MS,Webster,22.1068127
28157,MS,Wilkinson,22.1068127
28159,MS,Winston,22.1068127
28161,MS,Yalobusha,22.1068127
28163,MS,Yazoo,22.1068127
29001,MO,Adair,15.74046644
29003,MO,Andrew,15.74046644
29005,MO,Atchison,15.74046644
29007,MO,Audrain,15.74046644
29009,MO,Barry,15.74046644
29011,MO,Barton,15.74046644
29013,MO,Bates,15.74046644
29015,MO,Benton,15.74046644
29017,MO,Bollinger,15.74046644
29019,MO,Boone,15.74046644
29021,MO,Buchanan,15.74046644
29023,MO,Butler,15.74046644
29025,MO,Caldwell,15.74046644
29027,MO,Callaway,15.74046644
29029,MO,Camden,15.74046644
29031,MO,Cape Girardeau,15.74046644
29033,MO,Carroll,15.74046644
29035,MO,Carter,15.74046644
29037,MO,Cass,15.74046644
29039,MO,Cedar,15.74046644
29041,MO,Chariton,15.74046644
29043,MO,Christian,15.74046644
29045,MO,Clark,15.74046644
29047,MO,Clay,15.74046644
29049,MO,Clinton,15.74046644
29051,MO,Cole,15.74046644
29053,MO,Cooper,15.74046644
29055,MO,Crawford,15.74046644
29057,MO,Dade,15.74046644
29059,MO,Dallas,15.74046644
29061,MO,Daviess,15.74046644
29063,MO,DeKalb,15.74046644
29065,MO,Dent,15.74046644
29067,MO,Douglas,15.74046644
29069,MO,Dunklin,15.74046644
29071,MO,Franklin,15.74046644
29073,MO,Gasconade,15.74046644
29075,MO,Gentry,15.74046644
29077,MO,Greene,15.74046644
29079,MO,Grundy,15.74046644
29081,MO,Harrison,15.74046644
29083,MO,Henry,15.74046644
29085,MO,Hickory,15.74046644
29087,MO,Holt,15.74046644
29089,MO,Howard,15.74046644
29091,MO,Howell,15.74046644
29093,MO,Iron,15.74046644
29095,MO,Jackson,15.74046644
29097,MO,Jasper,15.74046644
29099,MO,Jefferson,15.74046644
29101,MO,Johnson,15.74046644
29103,MO,Knox,15.74046644
29105,MO,Laclede,15.74046644
29107,MO,Lafayette,15.74046644
29109,MO,Lawrence,15.74046644
29111,MO,Lewis,15.74046644
29113,MO,Lincoln,15.74046644
29115,MO,Linn,15.74046644
29117,MO,Livingston,15.74046644
29119,MO,McDonald,15.74046644
29121,MO,Macon,15.74046644
29123,MO,Madison,15.74046644
29125,MO,Maries,15.74046644
29127,MO,Marion,15.74046644
29129,MO,Mercer,15.74046644
29131,MO,Miller,15.74046644
29133,MO,Mississippi,15.74046644
29135,MO,Moniteau,15.74046644
29137,MO,Monroe,15.74046644
29139,MO,Montgomery,15.74046644
29141,MO,Morgan,15.74046644
29143,MO,New Madrid,15.74046644
29145,MO,Newton,15.74046644
29147,MO,Nodaway,15.74046644
29149,MO,Oregon,15.74046644
29151,MO,Osage,15.74046644
29153,MO,Ozark,15.74046644
29155,MO,Pemiscot,15.74046644
29157,MO,Perry,15.74046644
29159,MO,Pettis,15.74046644
29161,MO,Phelps,15.74046644
29163,MO,Pike,15.74046644
29165,MO,Platte,15.74046644
29167,MO,Polk,15.74046644
29169,MO,Pulaski,15.74046644
29171,MO,Putnam,15.74046644
29173,MO,Ralls,15.74046644
29175,MO,Randolph,15.74046644
29177,MO,Ray,15.74046644
29179,MO,Reynolds,15.74046644
29181,MO,Ripley,15.74046644
29183,MO,St. Charles,15.74046644
29185,MO,St. Clair,15.74046644
29186,MO,Ste. Genevieve,15.74046644
29187,MO,St. Francois,15.74046644
29189,MO,St. Louis,15.74046644
29195,MO,Saline,15.74046644
29197,MO,Schuyler,15.74046644
29199,MO,Scotland,15.74046644
29201,MO,Scott,15.74046644
29203,MO,Shannon,15.74046644
29205,MO,Shelby,15.74046644
29207,MO,Stoddard,15.74046644
29209,MO,Stone,15.74046644
29211,MO,Sullivan,15.74046644
29213,MO,Taney,15.74046644
29215,MO,Texas,15.74046644
29217,MO,Vernon,15.74046644
29219,MO,Warren,15.74046644
29221,MO,Washington,15.74046644
29223,MO,Wayne,15.74046644
29225,MO,Webster,15.74046644
29227,MO,Worth,15.74046644
29229,MO,Wright,15.74046644
29510,MO,St. Louis,15.74046644
30001,MT,Beaverhead,12.52301916
30003,MT,Big Horn,12.52301916
30005,MT,Blaine,12.52301916
30007,MT,Broadwater,12.52301916
30009,MT,Carbon,12.52301916
30011,MT,Carter,12.52301916
30013,MT,Cascade,12.52301916
30015,MT,Chouteau,12.52301916
30017,MT,Custer,12.52301916
30019,MT,Daniels,12.52301916
30021,MT,Dawson,12.52301916
30023,MT,Deer Lodge,12.52301916
30025,MT,Fallon,12.52301916
30027,MT,Fergus,12.52301916
30029,MT,Flathead,12.52301916
30031,MT,Gallatin,12.52301916
30033,MT,Garfield,12.52301916
30035,MT,Glacier,12.52301916
30037,MT,Golden Valley,12.52301916
30039,MT,Granite,12.52301916
30041,MT,Hill,12.52301916
30043,MT,Jefferson,12.52301916
30045,MT,Judith Basin,12.52301916
30047,MT,Lake,12.52301916
30049,MT,Lewis and Clark,12.52301916
30051,MT,Liberty,12.52301916
30053,MT,Lincoln,12.52301916
30055,MT,McCone,12.52301916
30057,MT,Madison,12.52301916
30059,MT,Meagher,12.52301916
30061,MT,Mineral,12.52301916
30063,MT,Missoula,12.52301916
30065,MT,Musselshell,12.52301916
30067,MT,Park,12.52301916
30069,MT,Petroleum,12.52301916
30071,MT,Phillips,12.52301916
30073,MT,Pondera,12.52301916
30075,MT,Powder River,12.52301916
30077,MT,Powell,12.52301916
30079,MT,Prairie,12.52301916
30081,MT,Ravalli,12.52301916
30083,MT,Richland,12.52301916
30085,MT,Roosevelt,12.52301916
30087,MT,Rosebud,12.52301916
30089,MT,Sanders,12.52301916
30091,MT,Sheridan,12.52301916
30093,MT,Silver Bow,12.52301916
30095,MT,Stillwater,12.52301916
30097,MT,Sweet Grass,12.52301916
30099,MT,Teton,12.52301916
30101,MT,Toole,12.52301916
30103,MT,Treasure,12.52301916
30105,MT,Valley,12.52301916
30107,MT,Wheatland,12.52301916
30109,MT,Wibaux,12.52301916
30111,MT,Yellowstone,12.52301916
30113,MT,Yellowstone National Park,
31001,NE,Adams,9.48912033
31003,NE,Antelope,9.48912033
31005,NE,Arthur,9.48912033
31007,NE,Banner,9.48912033
31009,NE,Blaine,9.48912033
31011,NE,Boone,9.48912033
31013,NE,Box Butte,9.48912033
31015,NE,Boyd,9.48912033
31017,NE,Brown,9.48912033
31019,NE,Buffalo,9.48912033
31021,NE,Burt,9.48912033
31023,NE,Butler,9.48912033
31025,NE,Cass,9.48912033
31027,NE,Cedar,9.48912033
31029,NE,Chase,9.48912033
31031,NE,Cherry,9.48912033
31033,NE,Cheyenne,9.48912033
31035,NE,Clay,9.48912033
31037,NE,Colfax,9.48912033
31039,NE,Cuming,9.48912033
31041,NE,Custer,9.48912033
31043,NE,Dakota,9.48912033
31045,NE,Dawes,9.48912033
31047,NE,Dawson,9.48912033
31049,NE,Deuel,9.48912033
31051,NE,Dixon,9.48912033
31053,NE,Dodge,9.48912033
31055,NE,Douglas,9.48912033
31057,NE,Dundy,9.48912033
31059,NE,Fillmore,9.48912033
31061,NE,Franklin,9.48912033
31063,NE,Frontier,9.48912033
31065,NE,Furnas,9.48912033
31067,NE,Gage,9.48912033
31069,NE,Garden,9.48912033
31071,NE,Garfield,9.48912033
31073,NE,Gosper,9.48912033
31075,NE,Grant,9.48912033
31077,NE,Greeley,9.48912033
31079,NE,Hall,9.48912033
31081,NE,Hamilton,9.48912033
31083,NE,Harlan,9.48912033
31085,NE,Hayes,9.48912033
31087,NE,Hitchcock,9.48912033
31089,NE,Holt,9.48912033
31091,NE,Hooker,9.48912033
31093,NE,Howard,9.48912033
31095,NE,Jefferson,9.48912033
31097,NE,Johnson,9.48912033
31099,NE,Kearney,9.48912033
31101,NE,Keith,9.48912033
31103,NE,Keya Paha,9.48912033
31105,NE,Kimball,9.48912033
31107,NE,Knox,9.48912033
31109,NE,Lancaster,9.48912033
31111,NE,Lincoln,9.48912033
31113,NE,Logan,9.48912033
31115,NE,Loup,9.48912033
31117,NE,McPherson,9.48912033
31119,NE,Madison,9.48912033
31121,NE,Merrick,9.48912033
31123,NE,Morrill,9.48912033
31125,NE,Nance,9.48912033
31127,NE,Nemaha,9.48912033
31129,NE,Nuckolls,9.48912033
31131,NE,Otoe,9.48912033
31133,NE,Pawnee,9.48912033
31135,NE,Perkins,9.48912033
31137,NE,Phelps,9.48912033
31139,NE,Pierce,9.48912033
31141,NE,Platte,9.48912033
31143,NE,Polk,9.48912033
31145,NE,Red Willow,9.48912033
31147,NE,Richardson,9.48912033
31149,NE,Rock,9.48912033
31151,NE,Saline,9.48912033
31153,NE,Sarpy,9.48912033
31155,NE,Saunders,9.48912033
31157,NE,Scotts Bluff,9.48912033
31159,NE,Seward,9.48912033
31161,NE,Sheridan,9.48912033
31163,NE,Sherman,9.48912033
31165,NE,Sioux,9.48912033
31167,NE,Stanton,9.48912033
31169,NE,Thayer,9.48912033
31171,NE,Thomas,9.48912033
31173,NE,Thurston,9.48912033
31175,NE,Valley,9.48912033
31177,NE,Washington,9.48912033
31179,NE,Wayne,9.48912033
31181,NE,Webster,9.48912033
31183,NE,Wheeler,9.48912033
31185,NE,York,9.48912033
32001,NV,Churchill,12.863678
32003,NV,Clark,12.863678
32005,NV,Douglas,12.863678
32007,NV,Elko,12.863678
32009,NV,Esmeralda,12.863678
32011,NV,Eureka,12.863678
32013,NV,Humboldt,12.863678
32015,NV,Lander,12.863678
32017,NV,Lincoln,12.863678
32019,NV,Lyon,12.863678
32021,NV,Mineral,12.863678
32023,NV,Nye,12.863678
32027,NV,Pershing,12.863678
32029,NV,Storey,12.863678
32031,NV,Washoe,12.863678
32033,NV,White Pine,12.863678
32510,NV,Carson City,12.863678
33001,NH,Belknap,8.850867483
33003,NH,Carroll,8.850867483
33005,NH,Cheshire,8.850867483
33007,NH,Coos,8.850867483
33009,NH,Grafton,8.850867483
33011,NH,Hillsborough,8.850867483
33013,NH,Merrimack,8.850867483
33015,NH,Rockingham,8.850867483
33017,NH,Strafford,8.850867483
33019,NH,Sullivan,8.850867483
34001,NJ,Atlantic,9.319483473
34003,NJ,Bergen,9.319483473
34005,NJ,Burlington,9.319483473
34007,NJ,Camden,9.319483473
34009,NJ,Cape May,9.319483473
34011,NJ,Cumberland,9.319483473
34013,NJ,Essex,9.319483473
34015,NJ,Gloucester,9.319483473
34017,NJ,Hudson,9.319483473
34019,NJ,Hunterdon,9.319483473
34021,NJ,Mercer,9.319483473
34023,NJ,Middlesex,9.319483473
34025,NJ,Monmouth,9.319483473
34027,NJ,Morris,9.319483473
34029,NJ,Ocean,9.319483473
34031,NJ,Passaic,9.319483473
34033,NJ,Salem,9.319483473
34035,NJ,Somerset,9.319483473
34037,NJ,Sussex,9.319483473
34039,NJ,Union,9.319483473
34041,NJ,Warren,9.319483473
35001,NM,Bernalillo,21.01385829
35003,NM,Catron,21.01385829
35005,NM,Chaves,21.01385829
35006,NM,Cibola,21.01385829
35007,NM,Colfax,21.01385829
35009,NM,Curry,21.01385829
35011,NM,De Baca,21.01385829
35013,NM,Dona Ana,21.01385829
35015,NM,Eddy,21.01385829
35017,NM,Grant,21.01385829
35019,NM,Guadalupe,21.01385829
35021,NM,Harding,21.01385829
35023,NM,Hidalgo,21.01385829
35025,NM,Lea,21.01385829
35027,NM,Lincoln,21.01385829
35028,NM,Los Alamos,21.01385829
35029,NM,Luna,21.01385829
35031,NM,McKinley,21.01385829
35033,NM,Mora,21.01385829
35035,NM,Otero,21.01385829
35037,NM,Quay,21.01385829
35039,NM,Rio Arriba,21.01385829
35041,NM,Roosevelt,21.01385829
35043,NM,Sandoval,21.01385829
35045,NM,San Juan,21.01385829
35047,NM,San Miguel,21.01385829
35049,NM,Santa Fe,21.01385829
35051,NM,Sierra,21.01385829
35053,NM,Socorro,21.01385829
35055,NM,Taos,21.01385829
35057,NM,Torrance,21.01385829
35059,NM,Union,21.01385829
35061,NM,Valencia,21.01385829
36001,NY,Albany,15.72238101
36003,NY,Allegany,15.72238101
36005,NY,Bronx,15.72238101
36007,NY,Broome,15.72238101
36009,NY,Cattaraugus,15.72238101
36011,NY,Cayuga,15.72238101
36013,NY,Chautauqua,15.72238101
36015,NY,Chemung,15.72238101
36017,NY,Chenango,15.72238101
36019,NY,Clinton,15.72238101
36021,NY,Columbia,15.72238101
36023,NY,Cortland,15.72238101
36025,NY,Delaware,15.72238101
36027,NY,Dutchess,15.72238101
36029,NY,Erie,15.72238101
36031,NY,Essex,15.72238101
36033,NY,Franklin,15.72238101
36035,NY,Fulton,15.72238101
36037,NY,Genesee,15.72238101
36039,NY,Greene,15.72238101
36041,NY,Hamilton,15.72238101
36043,NY,Herkimer,15.72238101
36045,NY,Jefferson,15.72238101
36047,NY,Kings,15.72238101
36049,NY,Lewis,15.72238101
36051,NY,Livingston,15.72238101
36053,NY,Madison,15.72238101
36055,NY,Monroe,15.72238101
36057,NY,Montgomery,15.72238101
36059,NY,Nassau,15.72238101
36061,NY,New York,15.72238101
36063,NY,Niagara,15.72238101
36065,NY,Oneida,15.72238101
36067,NY,Onondaga,15.72238101
36069,NY,Ontario,15.72238101
36071,NY,Orange,15.72238101
36073,NY,Orleans,15.72238101
36075,NY,Oswego,15.72238101
36077,NY,Otsego,15.72238101
36079,NY,Putnam,15.72238101
36081,NY,Queens,15.72238101
36083,NY,Rensselaer,15.72238101
36085,NY,Richmond,15.72238101
36087,NY,Rockland,15.72238101
36089,NY,St. Lawrence,15.72238101
36091,NY,Saratoga,15.72238101
36093,NY,Schenectady,15.72238101
36095,NY,Schoharie,15.72238101
36097,NY,Schuyler,15.72238101
36099,NY,Seneca,15.72238101
36101,NY,Steuben,15.72238101
36103,NY,Suffolk,15.72238101
36105,NY,Sullivan,15.72238101
36107,NY,Tioga,15.72238101
36109,NY,Tompkins,15.72238101
36111,NY,Ulster,15.72238101
36113,NY,Warren,15.72238101
36115,NY,Washington,15.72238101
36117,NY,Wayne,15.72238101
36119,NY,Westchester,15.72238101
36121,NY,Wyoming,15.72238101
36123,NY,Yates,15.72238101
37001,NC,Alamance,17.11008521
37003,NC,Alexander,17.11008521
37005,NC,Alleghany,17.11008521
37007,NC,Anson,17.11008521
37009,NC,Ashe,17.11008521
37011,NC,Avery,17.11008521
37013,NC,Beaufort,17.11008521
37015,NC,Bertie,17.11008521
37017,NC,Bladen,17.11008521
37019,NC,Brunswick,17.11008521
37021,NC,Buncombe,17.11008521
37023,NC,Burke,17.11008521
37025,NC,Cabarrus,17.11008521
37027,NC,Caldwell,17.11008521
37029,NC,Camden,17.11008521
37031,NC,Carteret,17.11008521
37033,NC,Caswell,17.11008521
37035,NC,Catawba,17.11008521
37037,NC,Chatham,17.11008521
37039,NC,Cherokee,17.11008521
37041,NC,Chowan,17.11008521
37043,NC,Clay,17.11008521
37045,NC,Cleveland,17.11008521
37047,NC,Columbus,17.11008521
37049,NC,Craven,17.11008521
37051,NC,Cumberland,17.11008521
37053,NC,Currituck,17.11008521
37055,NC,Dare,17.11008521
37057,NC,Davidson,17.11008521
37059,NC,Davie,17.11008521
37061,NC,Duplin,17.11008521
37063,NC,Durham,17.11008521
37065,NC,Edgecombe,17.11008521
37067,NC,Forsyth,17.11008521
37069,NC,Franklin,17.11008521
37071,NC,Gaston,17.11008521
37073,NC,Gates,17.11008521
37075,NC,Graham,17.11008521
37077,NC,Granville,17.11008521
37079,NC,Greene,17.11008521
37081,NC,Guilford,17.11008521
37083,NC,Halifax,17.11008521
37085,NC,Harnett,17.11008521
37087,NC,Haywood,17.11008521
37089,NC,Henderson,17.11008521
37091,NC,Hertford,17.11008521
37093,NC,Hoke,17.11008521
37095,NC,Hyde,17.11008521
37097,NC,Iredell,17.11008521
37099,NC,Jackson,17.11008521
37101,NC,Johnston,17.11008521
37103,NC,Jones,17.11008521
37105,NC,Lee,17.11008521
37107,NC,Lenoir,17.11008521
37109,NC,Lincoln,17.11008521
37111,NC,McDowell,17.11008521
37113,NC,Macon,17.11008521
37115,NC,Madison,17.11008521
37117,NC,Martin,17.11008521
37119,NC,Mecklenburg,17.11008521
37121,NC,Mitchell,17.11008521
37123,NC,Montgomery,17.11008521
37125,NC,Moore,17.11008521
37127,NC,Nash,17.11008521
37129,NC,New Hanover,17.11008521
37131,NC,Northampton,17.11008521
37133,NC,Onslow,17.11008521
37135,NC,Orange,17.11008521
37137,NC,Pamlico,17.11008521
37139,NC,Pasquotank,17.11008521
37141,NC,Pender,17.11008521
37143,NC,Perquimans,17.11008521
37145,NC,Person,17.11008521
37147,NC,Pitt,17.11008521
37149,NC,Polk,17.11008521
37151,NC,Randolph,17.11008521
37153,NC,Richmond,17.11008521
37155,NC,Robeson,17.11008521
37157,NC,Rockingham,17.11008521
37159,NC,Rowan,17.11008521
37161,NC,Rutherford,17.11008521
37163,NC,Sampson,17.11008521
37165,NC,Scotland,17.11008521
37167,NC,Stanly,17.11008521
37169,NC,Stokes,17.11008521
37171,NC,Surry,17.11008521
37173,NC,Swain,17.11008521
37175,NC,Transylvania,17.11008521
37177,NC,Tyrrell,17.11008521
37179,NC,Union,17.11008521
37181,NC,Vance,17.11008521
37183,NC,Wake,17.11008521
37185,NC,Warren,17.11008521
37187,NC,Washington,17.11008521
37189,NC,Watauga,17.11008521
37191,NC,Wayne,17.11008521
37193,NC,Wilkes,17.11008521
37195,NC,Wilson,17.11008521
37197,NC,Yadkin,17.11008521
37199,NC,Yancey,17.11008521
38001,ND,Adams,8.403894641
38003,ND,Barnes,8.403894641
38005,ND,Benson,8.403894641
38007,ND,Billings,8.403894641
38009,ND,Bottineau,8.403894641
38011,ND,Bowman,8.403894641
38013,ND,Burke,8.403894641
38015,ND,Burleigh,8.403894641
38017,ND,Cass,8.403894641
38019,ND,Cavalier,8.403894641
38021,ND,Dickey,8.403894641
38023,ND,Divide,8.403894641
38025,ND,Dunn,8.403894641
38027,ND,Eddy,8.403894641
38029,ND,Emmons,8.403894641
38031,ND,Foster,8.403894641
38033,ND,Golden Valley,8.403894641
38035,ND,Grand Forks,8.403894641
38037,ND,Grant,8.403894641
38039,ND,Griggs,8.403894641
38041,ND,Hettinger,8.403894641
38043,ND,Kidder,8.403894641
38045,ND,LaMoure,8.403894641
38047,ND,Logan,8.403894641
38049,ND,McHenry,8.403894641
38051,ND,McIntosh,8.403894641
38053,ND,McKenzie,8.403894641
38055,ND,McLean,8.403894641
38057,ND,Mercer,8.403894641
38059,ND,Morton,8.403894641
38061,ND,Mountrail,8.403894641
38063,ND,Nelson,8.403894641
38065,ND,Oliver,8.403894641
38067,ND,Pembina,8.403894641
38069,ND,Pierce,8.403894641
38071,ND,Ramsey,8.403894641
38073,ND,Ransom,8.403894641
38075,ND,Renville,8.403894641
38077,ND,Richland,8.403894641
38079,ND,Rolette,8.403894641
38081,ND,Sargent,8.403894641
38083,ND,Sheridan,8.403894641
38085,ND,Sioux,8.403894641
38087,ND,Slope,8.403894641
38089,ND,Stark,8.403894641
38091,ND,Steele,8.403894641
38093,ND,Stutsman,8.403894641
38095,ND,Towner,8.403894641
38097,ND,Traill,8.403894641
38099,ND,Walsh,8.403894641
38101,ND,Ward,8.403894641
38103,ND,Wells,8.403894641
38105,ND,Williams,8.403894641
39001,OH,Adams,15.66075679
39003,OH,Allen,15.66075679
39005,OH,Ashland,15.66075679
39007,OH,Ashtabula,15.66075679
39009,OH,Athens,15.66075679
39011,OH,Auglaize,15.66075679
39013,OH,Belmont,15.66075679
39015,OH,Brown,15.66075679
39017,OH,Butler,15.66075679
39019,OH,Carroll,15.66075679
39021,OH,Champaign,15.66075679
39023,OH,Clark,15.66075679
39025,OH,Clermont,15.66075679
39027,OH,Clinton,15.66075679
39029,OH,Columbiana,15.66075679
39031,OH,Coshocton,15.66075679
39033,OH,Crawford,15.66075679
39035,OH,Cuyahoga,15.66075679
39037,OH,Darke,15.66075679
39039,OH,Defiance,15.66075679
39041,OH,Delaware,15.66075679
39043,OH,Erie,15.66075679
39045,OH,Fairfield,15.66075679
39047,OH,Fayette,15.66075679
39049,OH,Franklin,15.66075679
39051,OH,Fulton,15.66075679
39053,OH,Gallia,15.66075679
39055,OH,Geauga,15.66075679
39057,OH,Greene,15.66075679
39059,OH,Guernsey,15.66075679
39061,OH,Hamilton,15.66075679
39063,OH,Hancock,15.66075679
39065,OH,Hardin,15.66075679
39067,OH,Harrison,15.66075679
39069,OH,Henry,15.66075679
39071,OH,Highland,15.66075679
39073,OH,Hocking,15.66075679
39075,OH,Holmes,15.66075679
39077,OH,Huron,15.66075679
39079,OH,Jackson,15.66075679
39081,OH,Jefferson,15.66075679
39083,OH,Knox,15.66075679
39085,OH,Lake,15.66075679
39087,OH,Lawrence,15.66075679
39089,OH,Licking,15.66075679
39091,OH,Logan,15.66075679
39093,OH,Lorain,15.66075679
39095,OH,Lucas,15.66075679
39097,OH,Madison,15.66075679
39099,OH,Mahoning,15.66075679
39101,OH,Marion,15.66075679
39103,OH,Medina,15.66075679
39105,OH,Meigs,15.66075679
39107,OH,Mercer,15.66075679
39109,OH,Miami,15.66075679
39111,OH,Monroe,15.66075679
39113,OH,Montgomery,15.66075679
39115,OH,Morgan,15.66075679
39117,OH,Morrow,15.66075679
39119,OH,Muskingum,15.66075679
39121,OH,Noble,15.66075679
39123,OH,Ottawa,15.66075679
39125,OH,Paulding,15.66075679
39127,OH,Perry,15.66075679
39129,OH,Pickaway,15.66075679
39131,OH,Pike,15.66075679
39133,OH,Portage,15.66075679
39135,OH,Preble,15.66075679
39137,OH,Putnam,15.66075679
39139,OH,Richland,15.66075679
39141,OH,Ross,15.66075679
39143,OH,Sandusky,15.66075679
39145,OH,Scioto,15.66075679
39147,OH,Seneca,15.66075679
39149,OH,Shelby,15.66075679
39151,OH,Stark,15.66075679
39153,OH,Summit,15.66075679
39155,OH,Trumbull,15.66075679
39157,OH,Tuscarawas,15.66075679
39159,OH,Union,15.66075679
39161,OH,Van Wert,15.66075679
39163,OH,Vinton,15.66075679
39165,OH,Warren,15.66075679
39167,OH,Washington,15.66075679
39169,OH,Wayne,15.66075679
39171,OH,Williams,15.66075679
39173,OH,Wood,15.66075679
39175,OH,Wyandot,15.66075679
40001,OK,Adair,16.11994799
40003,OK,Alfalfa,16.11994799
40005,OK,Atoka,16.11994799
40007,OK,Beaver,16.11994799
40009,OK,Beckham,16.11994799
40011,OK,Blaine,16.11994799
40013,OK,Bryan,16.11994799
40015,OK,Caddo,16.11994799
40017,OK,Canadian,16.11994799
40019,OK,Carter,16.11994799
40021,OK,Cherokee,16.11994799
40023,OK,Choctaw,16.11994799
40025,OK,Cimarron,16.11994799
40027,OK,Cleveland,16.11994799
40029,OK,Coal,16.11994799
40031,OK,Comanche,16.11994799
40033,OK,Cotton,16.11994799
40035,OK,Craig,16.11994799
40037,OK,Creek,16.11994799
40039,OK,Custer,16.11994799
40041,OK,Delaware,16.11994799
40043,OK,Dewey,16.11994799
40045,OK,Ellis,16.11994799
40047,OK,Garfield,16.11994799
40049,OK,Garvin,16.11994799
40051,OK,Grady,16.11994799
40053,OK,Grant,16.11994799
40055,OK,Greer,16.11994799
40057,OK,Harmon,16.11994799
40059,OK,Harper,16.11994799
40061,OK,Haskell,16.11994799
40063,OK,Hughes,16.11994799
40065,OK,Jackson,16.11994799
40067,OK,Jefferson,16.11994799
40069,OK,Johnston,16.11994799
40071,OK,Kay,16.11994799
40073,OK,Kingfisher,16.11994799
40075,OK,Kiowa,16.11994799
40077,OK,Latimer,16.11994799
40079,OK,Le Flore,16.11994799
40081,OK,Lincoln,16.11994799
40083,OK,Logan,16.11994799
40085,OK,Love,16.11994799
40087,OK,McClain,16.11994799
40089,OK,McCurtain,16.11994799
40091,OK,McIntosh,16.11994799
40093,OK,Major,16.11994799
40095,OK,Marshall,16.11994799
40097,OK,Mayes,16.11994799
40099,OK,Murray,16.11994799
40101,OK,Muskogee,16.11994799
40103,OK,Noble,16.11994799
40105,OK,Nowata,16.11994799
40107,OK,Okfuskee,16.11994799
40109,OK,Oklahoma,16.11994799
40111,OK,Okmulgee,16.11994799
40113,OK,Osage,16.11994799
40115,OK,Ottawa,16.11994799
40117,OK,Pawnee,16.11994799
40119,OK,Payne,16.11994799
40121,OK,Pittsburg,16.11994799
40123,OK,Pontotoc,16.11994799
40125,OK,Pottawatomie,16.11994799
40127,OK,Pushmataha,16.11994799
40129,OK,Roger Mills,16.11994799
40131,OK,Rogers,16.11994799
40133,OK,Seminole,16.11994799
40135,OK,Sequoyah,16.11994799
40137,OK,Stephens,16.11994799
40139,OK,Texas,16.11994799
40141,OK,Tillman,16.11994799
40143,OK,Tulsa,16.11994799
40145,OK,Wagoner,16.11994799
40147,OK,Washington,16.11994799
40149,OK,Washita,16.11994799
40151,OK,Woods,16.11994799
40153,OK,Woodward,16.11994799
41001,OR,Baker,20.90657091
41003,OR,Benton,20.90657091
41005,OR,Clackamas,20.90657091
41007,OR,Clatsop,20.90657091
41009,OR,Columbia,20.90657091
41011,OR,Coos,20.90657091
41013,OR,Crook,20.90657091
41015,OR,Curry,20.90657091
41017,OR,Deschutes,20.90657091
41019,OR,Douglas,20.90657091
41021,OR,Gilliam,20.90657091
41023,OR,Grant,20.90657091
41025,OR,Harney,20.90657091
41027,OR,Hood River,20.90657091
41029,OR,Jackson,20.90657091
41031,OR,Jefferson,20.90657091
41033,OR,Josephine,20.90657091
41035,OR,Klamath,20.90657091
41037,OR,Lake,20.90657091
41039,OR,Lane,20.90657091
41041,OR,Lincoln,20.90657091
41043,OR,Linn,20.90657091
41045,OR,Malheur,20.90657091
41047,OR,Marion,20.90657091
41049,OR,Morrow,20.90657091
41051,OR,Multnomah,20.90657091
41053,OR,Polk,20.90657091
41055,OR,Sherman,20.90657091
41057,OR,Tillamook,20.90657091
41059,OR,Umatilla,20.90657091
41061,OR,Union,20.90657091
41063,OR,Wallowa,20.90657091
41065,OR,Wasco,20.90657091
41067,OR,Washington,20.90657091
41069,OR,Wheeler,20.90657091
41071,OR,Yamhill,20.90657091
42001,PA,Adams,14.09647765
42003,PA,Allegheny,14.09647765
42005,PA,Armstrong,14.09647765
42007,PA,Beaver,14.09647765
42009,PA,Bedford,14.09647765
42011,PA,Berks,14.09647765
42013,PA,Blair,14.09647765
42015,PA,Bradford,14.09647765
42017,PA,Bucks,14.09647765
42019,PA,Butler,14.09647765
42021,PA,Cambria,14.09647765
42023,PA,Cameron,14.09647765
42025,PA,Carbon,14.09647765
42027,PA,Centre,14.09647765
42029,PA,Chester,14.09647765
42031,PA,Clarion,14.09647765
42033,PA,Clearfield,14.09647765
42035,PA,Clinton,14.09647765
42037,PA,Columbia,14.09647765
42039,PA,Crawford,14.09647765
42041,PA,Cumberland,14.09647765
42043,PA,Dauphin,14.09647765
42045,PA,Delaware,14.09647765
42047,PA,Elk,14.09647765
42049,PA,Erie,14.09647765
42051,PA,Fayette,14.09647765
42053,PA,Forest,14.09647765
42055,PA,Franklin,14.09647765
42057,PA,Fulton,14.09647765
42059,PA,Greene,14.09647765
42061,PA,Huntingdon,14.09647765
42063,PA,Indiana,14.09647765
42065,PA,Jefferson,14.09647765
42067,PA,Juniata,14.09647765
42069,PA,Lackawanna,14.09647765
42071,PA,Lancaster,14.09647765
42073,PA,Lawrence,14.09647765
42075,PA,Lebanon,14.09647765
42077,PA,Lehigh,14.09647765
42079,PA,Luzerne,14.09647765
42081,PA,Lycoming,14.09647765
42083,PA,McKean,14.09647765
42085,PA,Mercer,14.09647765
42087,PA,Mifflin,14.09647765
42089,PA,Monroe,14.09647765
42091,PA,Montgomery,14.09647765
42093,PA,Montour,14.09647765
42095,PA,Northampton,14.09647765
42097,PA,Northumberland,14.09647765
42099,PA,Perry,14.09647765
42101,PA,Philadelphia,14.09647765
42103,PA,Pike,14.09647765
42105,PA,Potter,14.09647765
42107,PA,Schuylkill,14.09647765
42109,PA,Snyder,14.09647765
42111,PA,Somerset,14.09647765
42113,PA,Sullivan,14.09647765
42115,PA,Susquehanna,14.09647765
42117,PA,Tioga,14.09647765
42119,PA,Union,14.09647765
42121,PA,Venango,14.09647765
42123,PA,Warren,14.09647765
42125,PA,Washington,14.09647765
42127,PA,Wayne,14.09647765
42129,PA,Westmoreland,14.09647765
42131,PA,Wyoming,14.09647765
42133,PA,York,14.09647765
44001,RI,Bristol,16.45694721
44003,RI,Kent,16.45694721
44005,RI,Newport,16.45694721
44007,RI,Providence,16.45694721
44009,RI,Washington,16.45694721
45001,SC,Abbeville,18.41346328
45003,SC,Aiken,18.41346328
45005,SC,Allendale,18.41346328
45007,SC,Anderson,18.41346328
45009,SC,Bamberg,18.41346328
45011,SC,Barnwell,18.41346328
45013,SC,Beaufort,18.41346328
45015,SC,Berkeley,18.41346328
45017,SC,Calhoun,18.41346328
45019,SC,Charleston,18.41346328
45021,SC,Cherokee,18.41346328
45023,SC,Chester,18.41346328
45025,SC,Chesterfield,18.41346328
45027,SC,Clarendon,18.41346328
45029,SC,Colleton,18.41346328
45031,SC,Darlington,18.41346328
45033,SC,Dillon,18.41346328
45035,SC,Dorchester,18.41346328
45037,SC,Edgefield,18.41346328
45039,SC,Fairfield,18.41346328
45041,SC,Florence,18.41346328
45043,SC,Georgetown,18.41346328
45045,SC,Greenville,18.41346328
45047,SC,Greenwood,18.41346328
45049,SC,Hampton,18.41346328
45051,SC,Horry,18.41346328
45053,SC,Jasper,18.41346328
45055,SC,Kershaw,18.41346328
45057,SC,Lancaster,18.41346328
45059,SC,Laurens,18.41346328
45061,SC,Lee,18.41346328
45063,SC,Lexington,18.41346328
45065,SC,McCormick,18.41346328
45067,SC,Marion,18.41346328
45069,SC,Marlboro,18.41346328
45071,SC,Newberry,18.41346328
45073,SC,Oconee,18.41346328
45075,SC,Orangeburg,18.41346328
45077,SC,Pickens,18.41346328
45079,SC,Richland,18.41346328
45081,SC,Saluda,18.41346328
45083,SC,Spartanburg,18.41346328
45085,SC,Sumter,18.41346328
45087,SC,Union,18.41346328
45089,SC,Williamsburg,18.41346328
45091,SC,York,18.41346328
46003,SD,Aurora,12.46121096
46005,SD,Beadle,12.46121096
46007,SD,Bennett,12.46121096
46009,SD,Bon Homme,12.46121096
46011,SD,Brookings,12.46121096
46013,SD,Brown,12.46121096
46015,SD,Brule,12.46121096
46017,SD,Buffalo,12.46121096
46019,SD,Butte,12.46121096
46021,SD,Campbell,12.46121096
46023,SD,Charles Mix,12.46121096
46025,SD,Clark,12.46121096
46027,SD,Clay,12.46121096
46029,SD,Codington,12.46121096
46031,SD,Corson,12.46121096
46033,SD,Custer,12.46121096
46035,SD,Davison,12.46121096
46037,SD,Day,12.46121096
46039,SD,Deuel,12.46121096
46041,SD,Dewey,12.46121096
46043,SD,Douglas,12.46121096
46045,SD,Edmunds,12.46121096
46047,SD,Fall River,12.46121096
46049,SD,Faulk,12.46121096
46051,SD,Grant,12.46121096
46053,SD,Gregory,12.46121096
46055,SD,Haakon,12.46121096
46057,SD,Hamlin,12.46121096
46059,SD,Hand,12.46121096
46061,SD,Hanson,12.46121096
46063,SD,Harding,12.46121096
46065,SD,Hughes,12.46121096
46067,SD,Hutchinson,12.46121096
46069,SD,Hyde,12.46121096
46071,SD,Jackson,12.46121096
46073,SD,Jerauld,12.46121096
46075,SD,Jones,12.46121096
46077,SD,Kingsbury,12.46121096
46079,SD,Lake,12.46121096
46081,SD,Lawrence,12.46121096
46083,SD,Lincoln,12.46121096
46085,SD,Lyman,12.46121096
46087,SD,McCook,12.46121096
46089,SD,McPherson,12.46121096
46091,SD,Marshall,12.46121096
46093,SD,Meade,12.46121096
46095,SD,Mellette,12.46121096
46097,SD,Miner,12.46121096
46099,SD,Minnehaha,12.46121096
46101,SD,Moody,12.46121096
46103,SD,Pennington,12.46121096
46105,SD,Perkins,12.46121096
46107,SD,Potter,12.46121096
46109,SD,Roberts,12.46121096
46111,SD,Sanborn,12.46121096
46113,SD,Shannon,12.46121096
46115,SD,Spink,12.46121096
46117,SD,Stanley,12.46121096
46119,SD,Sully,12.46121096
46121,SD,Todd,12.46121096
46123,SD,Tripp,12.46121096
46125,SD,Turner,12.46121096
46127,SD,Union,12.46121096
46129,SD,Walworth,12.46121096
46135,SD,Yankton,12.46121096
46137,SD,Ziebach,12.46121096
47001,TN,Anderson,20.39591756
47003,TN,Bedford,20.39591756
47005,TN,Benton,20.39591756
47007,TN,Bledsoe,20.39591756
47009,TN,Blount,20.39591756
47011,TN,Bradley,20.39591756
47013,TN,Campbell,20.39591756
47015,TN,Cannon,20.39591756
47017,TN,Carroll,20.39591756
47019,TN,Carter,20.39591756
47021,TN,Cheatham,20.39591756
47023,TN,Chester,20.39591756
47025,TN,Claiborne,20.39591756
47027,TN,Clay,20.39591756
47029,TN,Cocke,20.39591756
47031,TN,Coffee,20.39591756
47033,TN,Crockett,20.39591756
47035,TN,Cumberland,20.39591756
47037,TN,Davidson,20.39591756
47039,TN,Decatur,20.39591756
47041,TN,DeKalb,20.39591756
47043,TN,Dickson,20.39591756
47045,TN,Dyer,20.39591756
47047,TN,Fayette,20.39591756
47049,TN,Fentress,20.39591756
47051,TN,Franklin,20.39591756
47053,TN,Gibson,20.39591756
47055,TN,Giles,20.39591756
47057,TN,Grainger,20.39591756
47059,TN,Greene,20.39591756
47061,TN,Grundy,20.39591756
47063,TN,Hamblen,20.39591756
47065,TN,Hamilton,20.39591756
47067,TN,Hancock,20.39591756
47069,TN,Hardeman,20.39591756
47071,TN,Hardin,20.39591756
47073,TN,Hawkins,20.39591756
47075,TN,Haywood,20.39591756
47077,TN,Henderson,20.39591756
47079,TN,Henry,20.39591756
47081,TN,Hickman,20.39591756
47083,TN,Houston,20.39591756
47085,TN,Humphreys,20.39591756
47087,TN,Jackson,20.39591756
47089,TN,Jefferson,20.39591756
47091,TN,Johnson,20.39591756
47093,TN,Knox,20.39591756
47095,TN,Lake,20.39591756
47097,TN,Lauderdale,20.39591756
47099,TN,Lawrence,20.39591756
47101,TN,Lewis,20.39591756
47103,TN,Lincoln,20.39591756
47105,TN,Loudon,20.39591756
47107,TN,McMinn,20.39591756
47109,TN,McNairy,20.39591756
47111,TN,Macon,20.39591756
47113,TN,Madison,20.39591756
47115,TN,Marion,20.39591756
47117,TN,Marshall,20.39591756
47119,TN,Maury,20.39591756
47121,TN,Meigs,20.39591756
47123,TN,Monroe,20.39591756
47125,TN,Montgomery,20.39591756
47127,TN,Moore,20.39591756
47129,TN,Morgan,20.39591756
47131,TN,Obion,20.39591756
47133,TN,Overton,20.39591756
47135,TN,Perry,20.39591756
47137,TN,Pickett,20.39591756
47139,TN,Polk,20.39591756
47141,TN,Putnam,20.39591756
47143,TN,Rhea,20.39591756
47145,TN,Roane,20.39591756
47147,TN,Robertson,20.39591756
47149,TN,Rutherford,20.39591756
47151,TN,Scott,20.39591756
47153,TN,Sequatchie,20.39591756
47155,TN,Sevier,20.39591756
47157,TN,Shelby,20.39591756
47159,TN,Smith,20.39591756
47161,TN,Stewart,20.39591756
47163,TN,Sullivan,20.39591756
47165,TN,Sumner,20.39591756
47167,TN,Tipton,20.39591756
47169,TN,Trousdale,20.39591756
47171,TN,Unicoi,20.39591756
47173,TN,Union,20.39591756
47175,TN,Van Buren,20.39591756
47177,TN,Warren,20.39591756
47179,TN,Washington,20.39591756
47181,TN,Wayne,20.39591756
47183,TN,Weakley,20.39591756
47185,TN,White,20.39591756
47187,TN,Williamson,20.39591756
47189,TN,Wilson,20.39591756
48001,TX,Anderson,15.49717388
48003,TX,Andrews,15.49717388
48005,TX,Angelina,15.49717388
48007,TX,Aransas,15.49717388
48009,TX,Archer,15.49717388
48011,TX,Armstrong,15.49717388
48013,TX,Atascosa,15.49717388
48015,TX,Austin,15.49717388
48017,TX,Bailey,15.49717388
48019,TX,Bandera,15.49717388
48021,TX,Bastrop,15.49717388
48023,TX,Baylor,15.49717388
48025,TX,Bee,15.49717388
48027,TX,Bell,15.49717388
48029,TX,Bexar,15.49717388
48031,TX,Blanco,15.49717388
48033,TX,Borden,15.49717388
48035,TX,Bosque,15.49717388
48037,TX,Bowie,15.49717388
48039,TX,Brazoria,15.49717388
48041,TX,Brazos,15.49717388
48043,TX,Brewster,15.49717388
48045,TX,Briscoe,15.49717388
48047,TX,Brooks,15.49717388
48049,TX,Brown,15.49717388
48051,TX,Burleson,15.49717388
48053,TX,Burnet,15.49717388
48055,TX,Caldwell,15.49717388
48057,TX,Calhoun,15.49717388
48059,TX,Callahan,15.49717388
48061,TX,Cameron,15.49717388
48063,TX,Camp,15.49717388
48065,TX,Carson,15.49717388
48067,TX,Cass,15.49717388
48069,TX,Castro,15.49717388
48071,TX,Chambers,15.49717388
48073,TX,Cherokee,15.49717388
48075,TX,Childress,15.49717388
48077,TX,Clay,15.49717388
48079,TX,Cochran,15.49717388
48081,TX,Coke,15.49717388
48083,TX,Coleman,15.49717388
48085,TX,Collin,15.49717388
48087,TX,Collingsworth,15.49717388
48089,TX,Colorado,15.49717388
48091,TX,Comal,15.49717388
48093,TX,Comanche,15.49717388
48095,TX,Concho,15.49717388
48097,TX,Cooke,15.49717388
48099,TX,Coryell,15.49717388
48101,TX,Cottle,15.49717388
48103,TX,Crane,15.49717388
48105,TX,Crockett,15.49717388
48107,TX,Crosby,15.49717388
48109,TX,Culberson,15.49717388
48111,TX,Dallam,15.49717388
48113,TX,Dallas,15.49717388
48115,TX,Dawson,15.49717388
48117,TX,Deaf Smith,15.49717388
48119,TX,Delta,15.49717388
48121,TX,Denton,15.49717388
48123,TX,DeWitt,15.49717388
48125,TX,Dickens,15.49717388
48127,TX,Dimmit,15.49717388
48129,TX,Donley,15.49717388
48131,TX,Duval,15.49717388
48133,TX,Eastland,15.49717388
48135,TX,Ector,15.49717388
48137,TX,Edwards,15.49717388
48139,TX,Ellis,15.49717388
48141,TX,El Paso,15.49717388
48143,TX,Erath,15.49717388
48145,TX,Falls,15.49717388
48147,TX,Fannin,15.49717388
48149,TX,Fayette,15.49717388
48151,TX,Fisher,15.49717388
48153,TX,Floyd,15.49717388
48155,TX,Foard,15.49717388
48157,TX,Fort Bend,15.49717388
48159,TX,Franklin,15.49717388
48161,TX,Freestone,15.49717388
48163,TX,Frio,15.49717388
48165,TX,Gaines,15.49717388
48167,TX,Galveston,15.49717388
48169,TX,Garza,15.49717388
48171,TX,Gillespie,15.49717388
48173,TX,Glasscock,15.49717388
48175,TX,Goliad,15.49717388
48177,TX,Gonzales,15.49717388
48179,TX,Gray,15.49717388
48181,TX,Grayson,15.49717388
48183,TX,Gregg,15.49717388
48185,TX,Grimes,15.49717388
48187,TX,Guadalupe,15.49717388
48189,TX,Hale,15.49717388
48191,TX,Hall,15.49717388
48193,TX,Hamilton,15.49717388
48195,TX,Hansford,15.49717388
48197,TX,Hardeman,15.49717388
48199,TX,Hardin,15.49717388
48201,TX,Harris,15.49717388
48203,TX,Harrison,15.49717388
48205,TX,Hartley,15.49717388
48207,TX,Haskell,15.49717388
48209,TX,Hays,15.49717388
48211,TX,Hemphill,15.49717388
48213,TX,Henderson,15.49717388
48215,TX,Hidalgo,15.49717388
48217,TX,Hill,15.49717388
48219,TX,Hockley,15.49717388
48221,TX,Hood,15.49717388
48223,TX,Hopkins,15.49717388
48225,TX,Houston,15.49717388
48227,TX,Howard,15.49717388
48229,TX,Hudspeth,15.49717388
48231,TX,Hunt,15.49717388
48233,TX,Hutchinson,15.49717388
48235,TX,Irion,15.49717388
48237,TX,Jack,15.49717388
48239,TX,Jackson,15.49717388
48241,TX,Jasper,15.49717388
48243,TX,Jeff Davis,15.49717388
48245,TX,Jefferson,15.49717388
48247,TX,Jim Hogg,15.49717388
48249,TX,Jim Wells,15.49717388
48251,TX,Johnson,15.49717388
48253,TX,Jones,15.49717388
48255,TX,Karnes,15.49717388
48257,TX,Kaufman,15.49717388
48259,TX,Kendall,15.49717388
48261,TX,Kenedy,15.49717388
48263,TX,Kent,15.49717388
48265,TX,Kerr,15.49717388
48267,TX,Kimble,15.49717388
48269,TX,King,15.49717388
48271,TX,Kinney,15.49717388
48273,TX,Kleberg,15.49717388
48275,TX,Knox,15.49717388
48277,TX,Lamar,15.49717388
48279,TX,Lamb,15.49717388
48281,TX,Lampasas,15.49717388
48283,TX,La Salle,15.49717388
48285,TX,Lavaca,15.49717388
48287,TX,Lee,15.49717388
48289,TX,Leon,15.49717388
48291,TX,Liberty,15.49717388
48293,TX,Limestone,15.49717388
48295,TX,Lipscomb,15.49717388
48297,TX,Live Oak,15.49717388
48299,TX,Llano,15.49717388
48301,TX,Loving,15.49717388
48303,TX,Lubbock,15.49717388
48305,TX,Lynn,15.49717388
48307,TX,McCulloch,15.49717388
48309,TX,McLennan,15.49717388
48311,TX,McMullen,15.49717388
48313,TX,Madison,15.49717388
48315,TX,Marion,15.49717388
48317,TX,Martin,15.49717388
48319,TX,Mason,15.49717388
48321,TX,Matagorda,15.49717388
48323,TX,Maverick,15.49717388
48325,TX,Medina,15.49717388
48327,TX,Menard,15.49717388
48329,TX,Midland,15.49717388
48331,TX,Milam,15.49717388
48333,TX,Mills,15.49717388
48335,TX,Mitchell,15.49717388
48337,TX,Montague,15.49717388
48339,TX,Montgomery,15.49717388
48341,TX,Moore,15.49717388
48343,TX,Morris,15.49717388
48345,TX,Motley,15.49717388
48347,TX,Nacogdoches,15.49717388
48349,TX,Navarro,15.49717388
48351,TX,Newton,15.49717388
48353,TX,Nolan,15.49717388
48355,TX,Nueces,15.49717388
48357,TX,Ochiltree,15.49717388
48359,TX,Oldham,15.49717388
48361,TX,Orange,15.49717388
48363,TX,Palo Pinto,15.49717388
48365,TX,Panola,15.49717388
48367,TX,Parker,15.49717388
48369,TX,Parmer,15.49717388
48371,TX,Pecos,15.49717388
48373,TX,Polk,15.49717388
48375,TX,Potter,15.49717388
48377,TX,Presidio,15.49717388
48379,TX,Rains,15.49717388
48381,TX,Randall,15.49717388
48383,TX,Reagan,15.49717388
48385,TX,Real,15.49717388
48387,TX,Red River,15.49717388
48389,TX,Reeves,15.49717388
48391,TX,Refugio,15.49717388
48393,TX,Roberts,15.49717388
48395,TX,Robertson,15.49717388
48397,TX,Rockwall,15.49717388
48399,TX,Runnels,15.49717388
48401,TX,Rusk,15.49717388
48403,TX,Sabine,15.49717388
48405,TX,San Augustine,15.49717388
48407,TX,San Jacinto,15.49717388
48409,TX,San Patricio,15.49717388
48411,TX,San Saba,15.49717388
48413,TX,Schleicher,15.49717388
48415,TX,Scurry,15.49717388
48417,TX,Shackelford,15.49717388
48419,TX,Shelby,15.49717388
48421,TX,Sherman,15.49717388
48423,TX,Smith,15.49717388
48425,TX,Somervell,15.49717388
48427,TX,Starr,15.49717388
48429,TX,Stephens,15.49717388
48431,TX,Sterling,15.49717388
48433,TX,Stonewall,15.49717388
48435,TX,Sutton,15.49717388
48437,TX,Swisher,15.49717388
48439,TX,Tarrant,15.49717388
48441,TX,Taylor,15.49717388
48443,TX,Terrell,15.49717388
48445,TX,Terry,15.49717388
48447,TX,Throckmorton,15.49717388
48449,TX,Titus,15.49717388
48451,TX,Tom Green,15.49717388
48453,TX,Travis,15.49717388
48455,TX,Trinity,15.49717388
48457,TX,Tyler,15.49717388
48459,TX,Upshur,15.49717388
48461,TX,Upton,15.49717388
48463,TX,Uvalde,15.49717388
48465,TX,Val Verde,15.49717388
48467,TX,Van Zandt,15.49717388
48469,TX,Victoria,15.49717388
48471,TX,Walker,15.49717388
48473,TX,Waller,15.49717388
48475,TX,Ward,15.49717388
48477,TX,Washington,15.49717388
48479,TX,Webb,15.49717388
48481,TX,Wharton,15.49717388
48483,TX,Wheeler,15.49717388
48485,TX,Wichita,15.49717388
48487,TX,Wilbarger,15.49717388
48489,TX,Willacy,15.49717388
48491,TX,Williamson,15.49717388
48493,TX,Wilson,15.49717388
48495,TX,Winkler,15.49717388
48497,TX,Wise,15.49717388
48499,TX,Wood,15.49717388
48501,TX,Yoakum,15.49717388
48503,TX,Young,15.49717388
48505,TX,Zapata,15.49717388
48507,TX,Zavala,15.49717388
49001,UT,Beaver,9.697448978
49003,UT,Box Elder,9.697448978
49005,UT,Cache,9.697448978
49007,UT,Carbon,9.697448978
49009,UT,Daggett,9.697448978
49011,UT,Davis,9.697448978
49013,UT,Duchesne,9.697448978
49015,UT,Emery,9.697448978
49017,UT,Garfield,9.697448978
49019,UT,Grand,9.697448978
49021,UT,Iron,9.697448978
49023,UT,Juab,9.697448978
49025,UT,Kane,9.697448978
49027,UT,Millard,9.697448978
49029,UT,Morgan,9.697448978
49031,UT,Piute,9.697448978
49033,UT,Rich,9.697448978
49035,UT,Salt Lake,9.697448978
49037,UT,San Juan,9.697448978
49039,UT,Sanpete,9.697448978
49041,UT,Sevier,9.697448978
49043,UT,Summit,9.697448978
49045,UT,Tooele,9.697448978
49047,UT,Uintah,9.697448978
49049,UT,Utah,9.697448978
49051,UT,Wasatch,9.697448978
49053,UT,Washington,9.697448978
49055,UT,Wayne,9.697448978
49057,UT,Weber,9.697448978
50001,VT,Addison,15.42768418
50003,VT,Bennington,15.42768418
50005,VT,Caledonia,15.42768418
50007,VT,Chittenden,15.42768418
50009,VT,Essex,15.42768418
50011,VT,Franklin,15.42768418
50013,VT,Grand Isle,15.42768418
50015,VT,Lamoille,15.42768418
50017,VT,Orange,15.42768418
50019,VT,Orleans,15.42768418
50021,VT,Rutland,15.42768418
50023,VT,Washington,15.42768418
50025,VT,Windham,15.42768418
50027,VT,Windsor,15.42768418
51001,VA,Accomack,11.16409539
51003,VA,Albemarle,11.16409539
51005,VA,Alleghany,11.16409539
51007,VA,Amelia,11.16409539
51009,VA,Amherst,11.16409539
51011,VA,Appomattox,11.16409539
51013,VA,Arlington,11.16409539
51015,VA,Augusta,11.16409539
51017,VA,Bath,11.16409539
51019,VA,Bedford,11.16409539
51021,VA,Bland,11.16409539
51023,VA,Botetourt,11.16409539
51025,VA,Brunswick,11.16409539
51027,VA,Buchanan,11.16409539
51029,VA,Buckingham,11.16409539
51031,VA,Campbell,11.16409539
51033,VA,Caroline,11.16409539
51035,VA,Carroll,11.16409539
51036,VA,Charles City,11.16409539
51037,VA,Charlotte,11.16409539
51041,VA,Chesterfield,11.16409539
51043,VA,Clarke,11.16409539
51045,VA,Craig,11.16409539
51047,VA,Culpeper,11.16409539
51049,VA,Cumberland,11.16409539
51051,VA,Dickenson,11.16409539
51053,VA,Dinwiddie,11.16409539
51057,VA,Essex,11.16409539
51059,VA,Fairfax,11.16409539
51061,VA,Fauquier,11.16409539
51063,VA,Floyd,11.16409539
51065,VA,Fluvanna,11.16409539
51067,VA,Franklin,11.16409539
51069,VA,Frederick,11.16409539
51071,VA,Giles,11.16409539
51073,VA,Gloucester,11.16409539
51075,VA,Goochland,11.16409539
51077,VA,Grayson,11.16409539
51079,VA,Greene,11.16409539
51081,VA,Greensville,11.16409539
51083,VA,Halifax,11.16409539
51085,VA,Hanover,11.16409539
51087,VA,Henrico,11.16409539
51089,VA,Henry,11.16409539
51091,VA,Highland,11.16409539
51093,VA,Isle of Wight,11.16409539
51095,VA,James City,11.16409539
51097,VA,King and Queen,11.16409539
51099,VA,King George,11.16409539
51101,VA,King William,11.16409539
51103,VA,Lancaster,11.16409539
51105,VA,Lee,11.16409539
51107,VA,Loudoun,11.16409539
51109,VA,Louisa,11.16409539
51111,VA,Lunenburg,11.16409539
51113,VA,Madison,11.16409539
51115,VA,Mathews,11.16409539
51117,VA,Mecklenburg,11.16409539
51119,VA,Middlesex,11.16409539
51121,VA,Montgomery,11.16409539
51125,VA,Nelson,11.16409539
51127,VA,New Kent,11.16409539
51131,VA,Northampton,11.16409539
51133,VA,Northumberland,11.16409539
51135,VA,Nottoway,11.16409539
51137,VA,Orange,11.16409539
51139,VA,Page,11.16409539
51141,VA,Patrick,11.16409539
51143,VA,Pittsylvania,11.16409539
51145,VA,Powhatan,11.16409539
51147,VA,Prince Edward,11.16409539
51149,VA,Prince George,11.16409539
51153,VA,Prince William,11.16409539
51155,VA,Pulaski,11.16409539
51157,VA,Rappahannock,11.16409539
51159,VA,Richmond,11.16409539
51161,VA,Roanoke,11.16409539
51163,VA,Rockbridge,11.16409539
51165,VA,Rockingham,11.16409539
51167,VA,Russell,11.16409539
51169,VA,Scott,11.16409539
51171,VA,Shenandoah,11.16409539
51173,VA,Smyth,11.16409539
51175,VA,Southampton,11.16409539
51177,VA,Spotsylvania,11.16409539
51179,VA,Stafford,11.16409539
51181,VA,Surry,11.16409539
51183,VA,Sussex,11.16409539
51185,VA,Tazewell,11.16409539
51187,VA,Warren,11.16409539
51191,VA,Washington,11.16409539
51193,VA,Westmoreland,11.16409539
51195,VA,Wise,11.16409539
51197,VA,Wythe,11.16409539
51199,VA,York,11.16409539
51510,VA,Alexandria,11.16409539
51515,VA,Bedford,11.16409539
51520,VA,Bristol,11.16409539
51530,VA,Buena Vista,11.16409539
51540,VA,Charlottesville,11.16409539
51550,VA,Chesapeake,11.16409539
51560,VA,Clifton Forge,
51570,VA,Colonial Heights,11.16409539
51580,VA,Covington,11.16409539
51590,VA,Danville,11.16409539
51595,VA,Emporia,11.16409539
51600,VA,Fairfax,11.16409539
51610,VA,Falls Church,11.16409539
51620,VA,Franklin,11.16409539
51630,VA,Fredericksburg,11.16409539
51640,VA,Galax,11.16409539
51650,VA,Hampton,11.16409539
51660,VA,Harrisonburg,11.16409539
51670,VA,Hopewell,11.16409539
51678,VA,Lexington,11.16409539
51680,VA,Lynchburg,11.16409539
51683,VA,Manassas,11.16409539
51685,VA,Manassas Park,11.16409539
51690,VA,Martinsville,11.16409539
51700,VA,Newport News,11.16409539
51710,VA,Norfolk,11.16409539
51720,VA,Norton,11.16409539
51730,VA,Petersburg,11.16409539
51735,VA,Poquoson,11.16409539
51740,VA,Portsmouth,11.16409539
51750,VA,Radford,11.16409539
51760,VA,Richmond,11.16409539
51770,VA,Roanoke,11.16409539
51775,VA,Salem,11.16409539
51780,VA,South Boston,
51790,VA,Staunton,11.16409539
51800,VA,Suffolk,11.16409539
51810,VA,Virginia Beach,11.16409539
51820,VA,Waynesboro,11.16409539
51830,VA,Williamsburg,11.16409539
51840,VA,Winchester,11.16409539
51901,VA,Albemarle + Charlottesville,
51903,VA,Alleghany + Covington,
51907,VA,"Augusta, Staunton + Waynesboro",
51909,VA,Bedford + Bedford City,
51911,VA,Campbell + Lynchburg,
51913,VA,Carroll + Galax,
51918,VA,"Dinwiddie, Colonial Heights + Petersburg",
51919,VA,"Fairfax, Fairfax City + Falls Church",
51921,VA,Frederick + Winchester,
51923,VA,Greensville + Emporia,
51929,VA,Henry + Martinsville,
51931,VA,James City + Williamsburg,
51933,VA,Montgomery + Radford,
51939,VA,Pittsylvania + Danville,
51941,VA,Prince George + Hopewell,
51942,VA,"Prince William, Manassas + Manassas Park",
51944,VA,Roanoke + Salem,
51945,VA,"Rockbridge, Buena Vista + Lexington",
51947,VA,Rockingham + Harrisonburg,
51949,VA,Southampton + Franklin,
51951,VA,Spotsylvania + Fredericksburg,
51953,VA,Washington + Bristol,
51955,VA,Wise + Norton,
51958,VA,York + Poquoson,
53001,WA,Adams,16.06623274
53003,WA,Asotin,16.06623274
53005,WA,Benton,16.06623274
53007,WA,Chelan,16.06623274
53009,WA,Clallam,16.06623274
53011,WA,Clark,16.06623274
53013,WA,Columbia,16.06623274
53015,WA,Cowlitz,16.06623274
53017,WA,Douglas,16.06623274
53019,WA,Ferry,16.06623274
53021,WA,Franklin,16.06623274
53023,WA,Garfield,16.06623274
53025,WA,Grant,16.06623274
53027,WA,Grays Harbor,16.06623274
53029,WA,Island,16.06623274
53031,WA,Jefferson,16.06623274
53033,WA,King,16.06623274
53035,WA,Kitsap,16.06623274
53037,WA,Kittitas,16.06623274
53039,WA,Klickitat,16.06623274
53041,WA,Lewis,16.06623274
53043,WA,Lincoln,16.06623274
53045,WA,Mason,16.06623274
53047,WA,Okanogan,16.06623274
53049,WA,Pacific,16.06623274
53051,WA,Pend Oreille,16.06623274
53053,WA,Pierce,16.06623274
53055,WA,San Juan,16.06623274
53057,WA,Skagit,16.06623274
53059,WA,Skamania,16.06623274
53061,WA,Snohomish,16.06623274
53063,WA,Spokane,16.06623274
53065,WA,Stevens,16.06623274
53067,WA,Thurston,16.06623274
53069,WA,Wahkiakum,16.06623274
53071,WA,Walla Walla,16.06623274
53073,WA,Whatcom,16.06623274
53075,WA,Whitman,16.06623274
53077,WA,Yakima,16.06623274
54001,WV,Barbour,18.69303492
54003,WV,Berkeley,18.69303492
54005,WV,Boone,18.69303492
54007,WV,Braxton,18.69303492
54009,WV,Brooke,18.69303492
54011,WV,Cabell,18.69303492
54013,WV,Calhoun,18.69303492
54015,WV,Clay,18.69303492
54017,WV,Doddridge,18.69303492
54019,WV,Fayette,18.69303492
54021,WV,Gilmer,18.69303492
54023,WV,Grant,18.69303492
54025,WV,Greenbrier,18.69303492
54027,WV,Hampshire,18.69303492
54029,WV,Hancock,18.69303492
54031,WV,Hardy,18.69303492
54033,WV,Harrison,18.69303492
54035,WV,Jackson,18.69303492
54037,WV,Jefferson,18.69303492
54039,WV,Kanawha,18.69303492
54041,WV,Lewis,18.69303492
54043,WV,Lincoln,18.69303492
54045,WV,Logan,18.69303492
54047,WV,McDowell,18.69303492
54049,WV,Marion,18.69303492
54051,WV,Marshall,18.69303492
54053,WV,Mason,18.69303492
54055,WV,Mercer,18.69303492
54057,WV,Mineral,18.69303492
54059,WV,Mingo,18.69303492
54061,WV,Monongalia,18.69303492
54063,WV,Monroe,18.69303492
54065,WV,Morgan,18.69303492
54067,WV,Nicholas,18.69303492
54069,WV,Ohio,18.69303492
54071,WV,Pendleton,18.69303492
54073,WV,Pleasants,18.69303492
54075,WV,Pocahontas,18.69303492
54077,WV,Preston,18.69303492
54079,WV,Putnam,18.69303492
54081,WV,Raleigh,18.69303492
54083,WV,Randolph,18.69303492
54085,WV,Ritchie,18.69303492
54087,WV,Roane,18.69303492
54089,WV,Summers,18.69303492
54091,WV,Taylor,18.69303492
54093,WV,Tucker,18.69303492
54095,WV,Tyler,18.69303492
54097,WV,Upshur,18.69303492
54099,WV,Wayne,18.69303492
54101,WV,Webster,18.69303492
54103,WV,Wetzel,18.69303492
54105,WV,Wirt,18.69303492
54107,WV,Wood,18.69303492
54109,WV,Wyoming,18.69303492
55001,WI,Adams,14.58704058
55003,WI,Ashland,14.58704058
55005,WI,Barron,14.58704058
55007,WI,Bayfield,14.58704058
55009,WI,Brown,14.58704058
55011,WI,Buffalo,14.58704058
55013,WI,Burnett,14.58704058
55015,WI,Calumet,14.58704058
55017,WI,Chippewa,14.58704058
55019,WI,Clark,14.58704058
55021,WI,Columbia,14.58704058
55023,WI,Crawford,14.58704058
55025,WI,Dane,14.58704058
55027,WI,Dodge,14.58704058
55029,WI,Door,14.58704058
55031,WI,Douglas,14.58704058
55033,WI,Dunn,14.58704058
55035,WI,Eau Claire,14.58704058
55037,WI,Florence,14.58704058
55039,WI,Fond du Lac,14.58704058
55041,WI,Forest,14.58704058
55043,WI,Grant,14.58704058
55045,WI,Green,14.58704058
55047,WI,Green Lake,14.58704058
55049,WI,Iowa,14.58704058
55051,WI,Iron,14.58704058
55053,WI,Jackson,14.58704058
55055,WI,Jefferson,14.58704058
55057,WI,Juneau,14.58704058
55059,WI,Kenosha,14.58704058
55061,WI,Kewaunee,14.58704058
55063,WI,La Crosse,14.58704058
55065,WI,Lafayette,14.58704058
55067,WI,Langlade,14.58704058
55069,WI,Lincoln,14.58704058
55071,WI,Manitowoc,14.58704058
55073,WI,Marathon,14.58704058
55075,WI,Marinette,14.58704058
55077,WI,Marquette,14.58704058
55078,WI,Menominee,14.58704058
55079,WI,Milwaukee,14.58704058
55081,WI,Monroe,14.58704058
55083,WI,Oconto,14.58704058
55085,WI,Oneida,14.58704058
55087,WI,Outagamie,14.58704058
55089,WI,Ozaukee,14.58704058
55091,WI,Pepin,14.58704058
55093,WI,Pierce,14.58704058
55095,WI,Polk,14.58704058
55097,WI,Portage,14.58704058
55099,WI,Price,14.58704058
55101,WI,Racine,14.58704058
55103,WI,Richland,14.58704058
55105,WI,Rock,14.58704058
55107,WI,Rusk,14.58704058
55109,WI,St. Croix,14.58704058
55111,WI,Sauk,14.58704058
55113,WI,Sawyer,14.58704058
55115,WI,Shawano,14.58704058
55117,WI,Sheboygan,14.58704058
55119,WI,Taylor,14.58704058
55121,WI,Trempealeau,14.58704058
55123,WI,Vernon,14.58704058
55125,WI,Vilas,14.58704058
55127,WI,Walworth,14.58704058
55129,WI,Washburn,14.58704058
55131,WI,Washington,14.58704058
55133,WI,Waukesha,14.58704058
55135,WI,Waupaca,14.58704058
55137,WI,Waushara,14.58704058
55139,WI,Winnebago,14.58704058
55141,WI,Wood,14.58704058
56001,WY,Albany,5.958758666
56003,WY,Big Horn,5.958758666
56005,WY,Campbell,5.958758666
56007,WY,Carbon,5.958758666
56009,WY,Converse,5.958758666
56011,WY,Crook,5.958758666
56013,WY,Fremont,5.958758666
56015,WY,Goshen,5.958758666
56017,WY,Hot Springs,5.958758666
56019,WY,Johnson,5.958758666
56021,WY,Laramie,5.958758666
56023,WY,Lincoln,5.958758666
56025,WY,Natrona,5.958758666
56027,WY,Niobrara,5.958758666
56029,WY,Park,5.958758666
56031,WY,Platte,5.958758666
56033,WY,Sheridan,5.958758666
56035,WY,Sublette,5.958758666
56037,WY,Sweetwater,5.958758666
56039,WY,Teton,5.958758666
56041,WY,Uinta,5.958758666
56043,WY,Washakie,5.958758666
56045,WY,Weston,5.958758666
